seq_barcode,ont_barcode_id,seq_barcode_idx,qpcr_barcode_idx,qpcr_barcode,qpcr_barcode_set,qpcr_barcode_replicate,qpcr_barcode_replicate_string,overhang_1,overhang_2,tag_spacer_1,tag_spacer_2,tag_spacer_3,overhang_2_rc,tag_sequence,tag_length,tag_name
AGCTTCGGGCCTAACTAACTACTAGTCAACAACCGAACCTTTGAATCAGAATGACAATCCGCCGGTCTTCGTGTTCAGCACAGTCTAGCTTTCGACGTAACGTAAAGCG,BC78,78,3,GCAGTGCTTTGACCGTGAGTAGTGCCCTGTAATCTATCTGTCAGTCAAAACCCGAGAGTCCCCTAGTAGGTTCGAACAGGTCCACTCCCCTCGTCACTATACCAACTTGTTTCGTGCAGAGAGACC,2,10,010,TCTCATTTTCGCCAAAAGTTGG,CTAGGAGGGTCAGCCGTTAAG,CCAT,GTCAGTCAGG,GTTC,CTTAACGGCTGACCCTCCTAG,TCTCATTTTCGCCAAAAGTTGGCCATGCAGTGCTTTGACCGTGAGTAGTGCCCTGTAATCTATCTGTCAGTCAAAACCCGAGAGTCCCCTAGTAGGTTCGAACAGGTCCACTCCCCTCGTCACTATACCAACTTGTTTCGTGCAGAGAGACCGTCAGTCAGGAGCTTCGGGCCTAACTAACTACTAGTCAACAACCGAACCTTTGAATCAGAATGACAATCCGCCGGTCTTCGTGTTCAGCACAGTCTAGCTTTCGACGTAACGTAAAGCGGTTCCTAGGAGGGTCAGCCGTTAAG,296,T1_QS2_010_BC78
AGCTTCGGGCCTAACTAACTACTAGTCAACGAGTCTCTTGGGACCCATAGATGACAATCCGCCGGTCTTCGTGTTCAGCACAGTCTAGCTTTCGACGTAACGTAAAGCG,BC14,14,4,TACTACCACTTGCCCGATATCGGTGCCCTGTAATCTATCTGTCAGTCAACCACAGTTAGGTTCGAGCTCCCACTGTAGAGGTCCACTCCCCTCGTCACTATACCAAGTTGTCAGTGAATCCGCTAGC,2,18,018,TCTCATTTTCGCCAAAAGTTGG,CTAGGAGGGTCAGCCGTTAAG,CCAT,GTCAGTCAGG,GTTC,CTTAACGGCTGACCCTCCTAG,TCTCATTTTCGCCAAAAGTTGGCCATTACTACCACTTGCCCGATATCGGTGCCCTGTAATCTATCTGTCAGTCAACCACAGTTAGGTTCGAGCTCCCACTGTAGAGGTCCACTCCCCTCGTCACTATACCAAGTTGTCAGTGAATCCGCTAGCGTCAGTCAGGAGCTTCGGGCCTAACTAACTACTAGTCAACGAGTCTCTTGGGACCCATAGATGACAATCCGCCGGTCTTCGTGTTCAGCACAGTCTAGCTTTCGACGTAACGTAAAGCGGTTCCTAGGAGGGTCAGCCGTTAAG,297,T1_QS2_018_BC14
AGCTTCGGGCCTAACTAACTACTAGTCAACGGAGGAGTTAGTTGGATGATCTGACAATCCGCCGGTCTTCGTGTTCAGCACAGTCTAGCTTTCGACGTAACGTAAAGCG,BC85,85,5,TCTCTGATACACCGTCACTTCCAGTGCCCTGTAATCTATCTGTCAGTCACTCAGCACACAACCCCGGATATCAGTCACAAGGTCCACTCCCCTCGTCACTATACCAAAAAGCGAACCAGGGATTACTGTG,2,19,019,TCTCATTTTCGCCAAAAGTTGG,CTAGGAGGGTCAGCCGTTAAG,CCAT,GTCAGTCAGG,GTTC,CTTAACGGCTGACCCTCCTAG,TCTCATTTTCGCCAAAAGTTGGCCATTCTCTGATACACCGTCACTTCCAGTGCCCTGTAATCTATCTGTCAGTCACTCAGCACACAACCCCGGATATCAGTCACAAGGTCCACTCCCCTCGTCACTATACCAAAAAGCGAACCAGGGATTACTGTGGTCAGTCAGGAGCTTCGGGCCTAACTAACTACTAGTCAACGGAGGAGTTAGTTGGATGATCTGACAATCCGCCGGTCTTCGTGTTCAGCACAGTCTAGCTTTCGACGTAACGTAAAGCGGTTCCTAGGAGGGTCAGCCGTTAAG,300,T1_QS2_019_BC85
AGCTTCGGGCCTAACTAACTACTAGTCAACTAGGCACAGCGAGTCTTGGTTTGACAATCCGCCGGTCTTCGTGTTCAGCACAGTCTAGCTTTCGACGTAACGTAAAGCG,BC09,9,4,TACTACCACTTGCCCGATATCGGTGCCCTGTAATCTATCTGTCAGTCAACCACAGTTAGGTTCGAGCTCCCACTGTAGAGGTCCACTCCCCTCGTCACTATACCAAGTTGTCAGTGAATCCGCTAGC,2,18,018,TCTCATTTTCGCCAAAAGTTGG,CTAGGAGGGTCAGCCGTTAAG,CCAT,GTCAGTCAGG,GTTC,CTTAACGGCTGACCCTCCTAG,TCTCATTTTCGCCAAAAGTTGGCCATTACTACCACTTGCCCGATATCGGTGCCCTGTAATCTATCTGTCAGTCAACCACAGTTAGGTTCGAGCTCCCACTGTAGAGGTCCACTCCCCTCGTCACTATACCAAGTTGTCAGTGAATCCGCTAGCGTCAGTCAGGAGCTTCGGGCCTAACTAACTACTAGTCAACTAGGCACAGCGAGTCTTGGTTTGACAATCCGCCGGTCTTCGTGTTCAGCACAGTCTAGCTTTCGACGTAACGTAAAGCGGTTCCTAGGAGGGTCAGCCGTTAAG,297,T1_QS2_018_BC09
AGCTTCGGGCCTAACTAACTACTAGTCAAGAAACAGGATGACAGAACCCTCTGACAATCCGCCGGTCTTCGTGTTCAGCACAGTCTAGCTTTCGACGTAACGTAAAGCG,BC73,73,3,GCAGTGCTTTGACCGTGAGTAGTGCCCTGTAATCTATCTGTCAGTCAAAACCCGAGAGTCCCCTAGTAGGTTCGAACAGGTCCACTCCCCTCGTCACTATACCAACTTGTTTCGTGCAGAGAGACC,2,10,010,TCTCATTTTCGCCAAAAGTTGG,CTAGGAGGGTCAGCCGTTAAG,CCAT,GTCAGTCAGG,GTTC,CTTAACGGCTGACCCTCCTAG,TCTCATTTTCGCCAAAAGTTGGCCATGCAGTGCTTTGACCGTGAGTAGTGCCCTGTAATCTATCTGTCAGTCAAAACCCGAGAGTCCCCTAGTAGGTTCGAACAGGTCCACTCCCCTCGTCACTATACCAACTTGTTTCGTGCAGAGAGACCGTCAGTCAGGAGCTTCGGGCCTAACTAACTACTAGTCAAGAAACAGGATGACAGAACCCTCTGACAATCCGCCGGTCTTCGTGTTCAGCACAGTCTAGCTTTCGACGTAACGTAAAGCGGTTCCTAGGAGGGTCAGCCGTTAAG,296,T1_QS2_010_BC73
AGCTTCGGGCCTAACTAACTACTAGTCAAGAAAGTTGTCGGTGTCTTTGTGTGACAATCCGCCGGTCTTCGTGTTCAGCACAGTCTAGCTTTCGACGTAACGTAAAGCG,BC01,1,1,GTGGTCACTTACGTACTCTTTCGGTGCCCTGTAATCTATCTGTCAGTCAAGATACCCAACTCACTCGTTGTCTCCAGGGAGGTCCACTCCCCTCGTCACTATACCAAACAAGCGTGTGCGATAAGCCA,2,4,004,TCTCATTTTCGCCAAAAGTTGG,CTAGGAGGGTCAGCCGTTAAG,CCAT,GTCAGTCAGG,GTTC,CTTAACGGCTGACCCTCCTAG,TCTCATTTTCGCCAAAAGTTGGCCATGTGGTCACTTACGTACTCTTTCGGTGCCCTGTAATCTATCTGTCAGTCAAGATACCCAACTCACTCGTTGTCTCCAGGGAGGTCCACTCCCCTCGTCACTATACCAAACAAGCGTGTGCGATAAGCCAGTCAGTCAGGAGCTTCGGGCCTAACTAACTACTAGTCAAGAAAGTTGTCGGTGTCTTTGTGTGACAATCCGCCGGTCTTCGTGTTCAGCACAGTCTAGCTTTCGACGTAACGTAAAGCGGTTCCTAGGAGGGTCAGCCGTTAAG,298,T1_QS2_004_BC01
AGCTTCGGGCCTAACTAACTACTAGTCAAGCGTTGAAACCTTTGTCCTCTCTGACAATCCGCCGGTCTTCGTGTTCAGCACAGTCTAGCTTTCGACGTAACGTAAAGCG,BC10,10,5,TCTCTGATACACCGTCACTTCCAGTGCCCTGTAATCTATCTGTCAGTCACTCAGCACACAACCCCGGATATCAGTCACAAGGTCCACTCCCCTCGTCACTATACCAAAAAGCGAACCAGGGATTACTGTG,2,19,019,TCTCATTTTCGCCAAAAGTTGG,CTAGGAGGGTCAGCCGTTAAG,CCAT,GTCAGTCAGG,GTTC,CTTAACGGCTGACCCTCCTAG,TCTCATTTTCGCCAAAAGTTGGCCATTCTCTGATACACCGTCACTTCCAGTGCCCTGTAATCTATCTGTCAGTCACTCAGCACACAACCCCGGATATCAGTCACAAGGTCCACTCCCCTCGTCACTATACCAAAAAGCGAACCAGGGATTACTGTGGTCAGTCAGGAGCTTCGGGCCTAACTAACTACTAGTCAAGCGTTGAAACCTTTGTCCTCTCTGACAATCCGCCGGTCTTCGTGTTCAGCACAGTCTAGCTTTCGACGTAACGTAAAGCGGTTCCTAGGAGGGTCAGCCGTTAAG,300,T1_QS2_019_BC10
AGCTTCGGGCCTAACTAACTACTAGTCACAGCATCAATGTTTGGCTAGTTGTGACAATCCGCCGGTCTTCGTGTTCAGCACAGTCTAGCTTTCGACGTAACGTAAAGCG,BC89,89,4,TACTACCACTTGCCCGATATCGGTGCCCTGTAATCTATCTGTCAGTCAACCACAGTTAGGTTCGAGCTCCCACTGTAGAGGTCCACTCCCCTCGTCACTATACCAAGTTGTCAGTGAATCCGCTAGC,2,18,018,TCTCATTTTCGCCAAAAGTTGG,CTAGGAGGGTCAGCCGTTAAG,CCAT,GTCAGTCAGG,GTTC,CTTAACGGCTGACCCTCCTAG,TCTCATTTTCGCCAAAAGTTGGCCATTACTACCACTTGCCCGATATCGGTGCCCTGTAATCTATCTGTCAGTCAACCACAGTTAGGTTCGAGCTCCCACTGTAGAGGTCCACTCCCCTCGTCACTATACCAAGTTGTCAGTGAATCCGCTAGCGTCAGTCAGGAGCTTCGGGCCTAACTAACTACTAGTCACAGCATCAATGTTTGGCTAGTTGTGACAATCCGCCGGTCTTCGTGTTCAGCACAGTCTAGCTTTCGACGTAACGTAAAGCGGTTCCTAGGAGGGTCAGCCGTTAAG,297,T1_QS2_018_BC89
AGCTTCGGGCCTAACTAACTACTAGTCACCACAGGAGGACGATACAGAGAATGACAATCCGCCGGTCTTCGTGTTCAGCACAGTCTAGCTTTCGACGTAACGTAAAGCG,BC38,38,3,GCAGTGCTTTGACCGTGAGTAGTGCCCTGTAATCTATCTGTCAGTCAAAACCCGAGAGTCCCCTAGTAGGTTCGAACAGGTCCACTCCCCTCGTCACTATACCAACTTGTTTCGTGCAGAGAGACC,2,10,010,TCTCATTTTCGCCAAAAGTTGG,CTAGGAGGGTCAGCCGTTAAG,CCAT,GTCAGTCAGG,GTTC,CTTAACGGCTGACCCTCCTAG,TCTCATTTTCGCCAAAAGTTGGCCATGCAGTGCTTTGACCGTGAGTAGTGCCCTGTAATCTATCTGTCAGTCAAAACCCGAGAGTCCCCTAGTAGGTTCGAACAGGTCCACTCCCCTCGTCACTATACCAACTTGTTTCGTGCAGAGAGACCGTCAGTCAGGAGCTTCGGGCCTAACTAACTACTAGTCACCACAGGAGGACGATACAGAGAATGACAATCCGCCGGTCTTCGTGTTCAGCACAGTCTAGCTTTCGACGTAACGTAAAGCGGTTCCTAGGAGGGTCAGCCGTTAAG,296,T1_QS2_010_BC38
AGCTTCGGGCCTAACTAACTACTAGTCACCACTGCCATGTATCAAAGTACGTGACAATCCGCCGGTCTTCGTGTTCAGCACAGTCTAGCTTTCGACGTAACGTAAAGCG,BC22,22,2,CGAGAGCCAAGGATAGTAGTCGTGCCCTGTAATCTATCTGTCAGTCACTCCCTCTAGGCTTTGTCACTTCACTCCAGAGGTCCACTCCCCTCGTCACTATACCAATTGACTCCGTTGTCCCTGAGAT,2,7,007,TCTCATTTTCGCCAAAAGTTGG,CTAGGAGGGTCAGCCGTTAAG,CCAT,GTCAGTCAGG,GTTC,CTTAACGGCTGACCCTCCTAG,TCTCATTTTCGCCAAAAGTTGGCCATCGAGAGCCAAGGATAGTAGTCGTGCCCTGTAATCTATCTGTCAGTCACTCCCTCTAGGCTTTGTCACTTCACTCCAGAGGTCCACTCCCCTCGTCACTATACCAATTGACTCCGTTGTCCCTGAGATGTCAGTCAGGAGCTTCGGGCCTAACTAACTACTAGTCACCACTGCCATGTATCAAAGTACGTGACAATCCGCCGGTCTTCGTGTTCAGCACAGTCTAGCTTTCGACGTAACGTAAAGCGGTTCCTAGGAGGGTCAGCCGTTAAG,297,T1_QS2_007_BC22
AGCTTCGGGCCTAACTAACTACTAGTCACCCTCCAGGAAAGTACCTCTGATTGACAATCCGCCGGTCTTCGTGTTCAGCACAGTCTAGCTTTCGACGTAACGTAAAGCG,BC17,17,2,CGAGAGCCAAGGATAGTAGTCGTGCCCTGTAATCTATCTGTCAGTCACTCCCTCTAGGCTTTGTCACTTCACTCCAGAGGTCCACTCCCCTCGTCACTATACCAATTGACTCCGTTGTCCCTGAGAT,2,7,007,TCTCATTTTCGCCAAAAGTTGG,CTAGGAGGGTCAGCCGTTAAG,CCAT,GTCAGTCAGG,GTTC,CTTAACGGCTGACCCTCCTAG,TCTCATTTTCGCCAAAAGTTGGCCATCGAGAGCCAAGGATAGTAGTCGTGCCCTGTAATCTATCTGTCAGTCACTCCCTCTAGGCTTTGTCACTTCACTCCAGAGGTCCACTCCCCTCGTCACTATACCAATTGACTCCGTTGTCCCTGAGATGTCAGTCAGGAGCTTCGGGCCTAACTAACTACTAGTCACCCTCCAGGAAAGTACCTCTGATTGACAATCCGCCGGTCTTCGTGTTCAGCACAGTCTAGCTTTCGACGTAACGTAAAGCGGTTCCTAGGAGGGTCAGCCGTTAAG,297,T1_QS2_007_BC17
AGCTTCGGGCCTAACTAACTACTAGTCACCGAGATCCTACGAATGGAGTGTTGACAATCCGCCGGTCTTCGTGTTCAGCACAGTCTAGCTTTCGACGTAACGTAAAGCG,BC70,70,5,TCTCTGATACACCGTCACTTCCAGTGCCCTGTAATCTATCTGTCAGTCACTCAGCACACAACCCCGGATATCAGTCACAAGGTCCACTCCCCTCGTCACTATACCAAAAAGCGAACCAGGGATTACTGTG,2,19,019,TCTCATTTTCGCCAAAAGTTGG,CTAGGAGGGTCAGCCGTTAAG,CCAT,GTCAGTCAGG,GTTC,CTTAACGGCTGACCCTCCTAG,TCTCATTTTCGCCAAAAGTTGGCCATTCTCTGATACACCGTCACTTCCAGTGCCCTGTAATCTATCTGTCAGTCACTCAGCACACAACCCCGGATATCAGTCACAAGGTCCACTCCCCTCGTCACTATACCAAAAAGCGAACCAGGGATTACTGTGGTCAGTCAGGAGCTTCGGGCCTAACTAACTACTAGTCACCGAGATCCTACGAATGGAGTGTTGACAATCCGCCGGTCTTCGTGTTCAGCACAGTCTAGCTTTCGACGTAACGTAAAGCGGTTCCTAGGAGGGTCAGCCGTTAAG,300,T1_QS2_019_BC70
AGCTTCGGGCCTAACTAACTACTAGTCACGGTATGTCGAGTTCCAGGACTATGACAATCCGCCGGTCTTCGTGTTCAGCACAGTCTAGCTTTCGACGTAACGTAAAGCG,BC82,82,2,CGAGAGCCAAGGATAGTAGTCGTGCCCTGTAATCTATCTGTCAGTCACTCCCTCTAGGCTTTGTCACTTCACTCCAGAGGTCCACTCCCCTCGTCACTATACCAATTGACTCCGTTGTCCCTGAGAT,2,7,007,TCTCATTTTCGCCAAAAGTTGG,CTAGGAGGGTCAGCCGTTAAG,CCAT,GTCAGTCAGG,GTTC,CTTAACGGCTGACCCTCCTAG,TCTCATTTTCGCCAAAAGTTGGCCATCGAGAGCCAAGGATAGTAGTCGTGCCCTGTAATCTATCTGTCAGTCACTCCCTCTAGGCTTTGTCACTTCACTCCAGAGGTCCACTCCCCTCGTCACTATACCAATTGACTCCGTTGTCCCTGAGATGTCAGTCAGGAGCTTCGGGCCTAACTAACTACTAGTCACGGTATGTCGAGTTCCAGGACTATGACAATCCGCCGGTCTTCGTGTTCAGCACAGTCTAGCTTTCGACGTAACGTAAAGCGGTTCCTAGGAGGGTCAGCCGTTAAG,297,T1_QS2_007_BC82
AGCTTCGGGCCTAACTAACTACTAGTCACTGGTGCAGCTTTGAACATCTAGTGACAATCCGCCGGTCTTCGTGTTCAGCACAGTCTAGCTTTCGACGTAACGTAAAGCG,BC49,49,4,TACTACCACTTGCCCGATATCGGTGCCCTGTAATCTATCTGTCAGTCAACCACAGTTAGGTTCGAGCTCCCACTGTAGAGGTCCACTCCCCTCGTCACTATACCAAGTTGTCAGTGAATCCGCTAGC,2,18,018,TCTCATTTTCGCCAAAAGTTGG,CTAGGAGGGTCAGCCGTTAAG,CCAT,GTCAGTCAGG,GTTC,CTTAACGGCTGACCCTCCTAG,TCTCATTTTCGCCAAAAGTTGGCCATTACTACCACTTGCCCGATATCGGTGCCCTGTAATCTATCTGTCAGTCAACCACAGTTAGGTTCGAGCTCCCACTGTAGAGGTCCACTCCCCTCGTCACTATACCAAGTTGTCAGTGAATCCGCTAGCGTCAGTCAGGAGCTTCGGGCCTAACTAACTACTAGTCACTGGTGCAGCTTTGAACATCTAGTGACAATCCGCCGGTCTTCGTGTTCAGCACAGTCTAGCTTTCGACGTAACGTAAAGCGGTTCCTAGGAGGGTCAGCCGTTAAG,297,T1_QS2_018_BC49
AGCTTCGGGCCTAACTAACTACTAGTCAGAACGACTTCCATACTCGTGTGATGACAATCCGCCGGTCTTCGTGTTCAGCACAGTCTAGCTTTCGACGTAACGTAAAGCG,BC13,13,3,GCAGTGCTTTGACCGTGAGTAGTGCCCTGTAATCTATCTGTCAGTCAAAACCCGAGAGTCCCCTAGTAGGTTCGAACAGGTCCACTCCCCTCGTCACTATACCAACTTGTTTCGTGCAGAGAGACC,2,10,010,TCTCATTTTCGCCAAAAGTTGG,CTAGGAGGGTCAGCCGTTAAG,CCAT,GTCAGTCAGG,GTTC,CTTAACGGCTGACCCTCCTAG,TCTCATTTTCGCCAAAAGTTGGCCATGCAGTGCTTTGACCGTGAGTAGTGCCCTGTAATCTATCTGTCAGTCAAAACCCGAGAGTCCCCTAGTAGGTTCGAACAGGTCCACTCCCCTCGTCACTATACCAACTTGTTTCGTGCAGAGAGACCGTCAGTCAGGAGCTTCGGGCCTAACTAACTACTAGTCAGAACGACTTCCATACTCGTGTGATGACAATCCGCCGGTCTTCGTGTTCAGCACAGTCTAGCTTTCGACGTAACGTAAAGCGGTTCCTAGGAGGGTCAGCCGTTAAG,296,T1_QS2_010_BC13
AGCTTCGGGCCTAACTAACTACTAGTCAGAGGGTACTATGTGCCTCAGCACTGACAATCCGCCGGTCTTCGTGTTCAGCACAGTCTAGCTTTCGACGTAACGTAAAGCG,BC61,61,1,GTGGTCACTTACGTACTCTTTCGGTGCCCTGTAATCTATCTGTCAGTCAAGATACCCAACTCACTCGTTGTCTCCAGGGAGGTCCACTCCCCTCGTCACTATACCAAACAAGCGTGTGCGATAAGCCA,2,4,004,TCTCATTTTCGCCAAAAGTTGG,CTAGGAGGGTCAGCCGTTAAG,CCAT,GTCAGTCAGG,GTTC,CTTAACGGCTGACCCTCCTAG,TCTCATTTTCGCCAAAAGTTGGCCATGTGGTCACTTACGTACTCTTTCGGTGCCCTGTAATCTATCTGTCAGTCAAGATACCCAACTCACTCGTTGTCTCCAGGGAGGTCCACTCCCCTCGTCACTATACCAAACAAGCGTGTGCGATAAGCCAGTCAGTCAGGAGCTTCGGGCCTAACTAACTACTAGTCAGAGGGTACTATGTGCCTCAGCACTGACAATCCGCCGGTCTTCGTGTTCAGCACAGTCTAGCTTTCGACGTAACGTAAAGCGGTTCCTAGGAGGGTCAGCCGTTAAG,298,T1_QS2_004_BC61
AGCTTCGGGCCTAACTAACTACTAGTCAGATTCAGACCGTCTCATGCAAAGTGACAATCCGCCGGTCTTCGTGTTCAGCACAGTCTAGCTTTCGACGTAACGTAAAGCG,BC53,53,3,GCAGTGCTTTGACCGTGAGTAGTGCCCTGTAATCTATCTGTCAGTCAAAACCCGAGAGTCCCCTAGTAGGTTCGAACAGGTCCACTCCCCTCGTCACTATACCAACTTGTTTCGTGCAGAGAGACC,2,10,010,TCTCATTTTCGCCAAAAGTTGG,CTAGGAGGGTCAGCCGTTAAG,CCAT,GTCAGTCAGG,GTTC,CTTAACGGCTGACCCTCCTAG,TCTCATTTTCGCCAAAAGTTGGCCATGCAGTGCTTTGACCGTGAGTAGTGCCCTGTAATCTATCTGTCAGTCAAAACCCGAGAGTCCCCTAGTAGGTTCGAACAGGTCCACTCCCCTCGTCACTATACCAACTTGTTTCGTGCAGAGAGACCGTCAGTCAGGAGCTTCGGGCCTAACTAACTACTAGTCAGATTCAGACCGTCTCATGCAAAGTGACAATCCGCCGGTCTTCGTGTTCAGCACAGTCTAGCTTTCGACGTAACGTAAAGCGGTTCCTAGGAGGGTCAGCCGTTAAG,296,T1_QS2_010_BC53
AGCTTCGGGCCTAACTAACTACTAGTCAGGTCTACCTCGCTAACACCACTGTGACAATCCGCCGGTCTTCGTGTTCAGCACAGTCTAGCTTTCGACGTAACGTAAAGCG,BC15,15,5,TCTCTGATACACCGTCACTTCCAGTGCCCTGTAATCTATCTGTCAGTCACTCAGCACACAACCCCGGATATCAGTCACAAGGTCCACTCCCCTCGTCACTATACCAAAAAGCGAACCAGGGATTACTGTG,2,19,019,TCTCATTTTCGCCAAAAGTTGG,CTAGGAGGGTCAGCCGTTAAG,CCAT,GTCAGTCAGG,GTTC,CTTAACGGCTGACCCTCCTAG,TCTCATTTTCGCCAAAAGTTGGCCATTCTCTGATACACCGTCACTTCCAGTGCCCTGTAATCTATCTGTCAGTCACTCAGCACACAACCCCGGATATCAGTCACAAGGTCCACTCCCCTCGTCACTATACCAAAAAGCGAACCAGGGATTACTGTGGTCAGTCAGGAGCTTCGGGCCTAACTAACTACTAGTCAGGTCTACCTCGCTAACACCACTGTGACAATCCGCCGGTCTTCGTGTTCAGCACAGTCTAGCTTTCGACGTAACGTAAAGCGGTTCCTAGGAGGGTCAGCCGTTAAG,300,T1_QS2_019_BC15
AGCTTCGGGCCTAACTAACTACTAGTCAGGTGATCCCAACAAGCGTAAGTATGACAATCCGCCGGTCTTCGTGTTCAGCACAGTCTAGCTTTCGACGTAACGTAAAGCG,BC86,86,1,GTGGTCACTTACGTACTCTTTCGGTGCCCTGTAATCTATCTGTCAGTCAAGATACCCAACTCACTCGTTGTCTCCAGGGAGGTCCACTCCCCTCGTCACTATACCAAACAAGCGTGTGCGATAAGCCA,2,4,004,TCTCATTTTCGCCAAAAGTTGG,CTAGGAGGGTCAGCCGTTAAG,CCAT,GTCAGTCAGG,GTTC,CTTAACGGCTGACCCTCCTAG,TCTCATTTTCGCCAAAAGTTGGCCATGTGGTCACTTACGTACTCTTTCGGTGCCCTGTAATCTATCTGTCAGTCAAGATACCCAACTCACTCGTTGTCTCCAGGGAGGTCCACTCCCCTCGTCACTATACCAAACAAGCGTGTGCGATAAGCCAGTCAGTCAGGAGCTTCGGGCCTAACTAACTACTAGTCAGGTGATCCCAACAAGCGTAAGTATGACAATCCGCCGGTCTTCGTGTTCAGCACAGTCTAGCTTTCGACGTAACGTAAAGCGGTTCCTAGGAGGGTCAGCCGTTAAG,298,T1_QS2_004_BC86
AGCTTCGGGCCTAACTAACTACTAGTCAGTAGAAAGGGTTCCTTCCCACTCTGACAATCCGCCGGTCTTCGTGTTCAGCACAGTCTAGCTTTCGACGTAACGTAAAGCG,BC44,44,4,TACTACCACTTGCCCGATATCGGTGCCCTGTAATCTATCTGTCAGTCAACCACAGTTAGGTTCGAGCTCCCACTGTAGAGGTCCACTCCCCTCGTCACTATACCAAGTTGTCAGTGAATCCGCTAGC,2,18,018,TCTCATTTTCGCCAAAAGTTGG,CTAGGAGGGTCAGCCGTTAAG,CCAT,GTCAGTCAGG,GTTC,CTTAACGGCTGACCCTCCTAG,TCTCATTTTCGCCAAAAGTTGGCCATTACTACCACTTGCCCGATATCGGTGCCCTGTAATCTATCTGTCAGTCAACCACAGTTAGGTTCGAGCTCCCACTGTAGAGGTCCACTCCCCTCGTCACTATACCAAGTTGTCAGTGAATCCGCTAGCGTCAGTCAGGAGCTTCGGGCCTAACTAACTACTAGTCAGTAGAAAGGGTTCCTTCCCACTCTGACAATCCGCCGGTCTTCGTGTTCAGCACAGTCTAGCTTTCGACGTAACGTAAAGCGGTTCCTAGGAGGGTCAGCCGTTAAG,297,T1_QS2_018_BC44
AGCTTCGGGCCTAACTAACTACTAGTCAGTTTCCATCACTTCAGACTTGGGTGACAATCCGCCGGTCTTCGTGTTCAGCACAGTCTAGCTTTCGACGTAACGTAAAGCG,BC93,93,3,GCAGTGCTTTGACCGTGAGTAGTGCCCTGTAATCTATCTGTCAGTCAAAACCCGAGAGTCCCCTAGTAGGTTCGAACAGGTCCACTCCCCTCGTCACTATACCAACTTGTTTCGTGCAGAGAGACC,2,10,010,TCTCATTTTCGCCAAAAGTTGG,CTAGGAGGGTCAGCCGTTAAG,CCAT,GTCAGTCAGG,GTTC,CTTAACGGCTGACCCTCCTAG,TCTCATTTTCGCCAAAAGTTGGCCATGCAGTGCTTTGACCGTGAGTAGTGCCCTGTAATCTATCTGTCAGTCAAAACCCGAGAGTCCCCTAGTAGGTTCGAACAGGTCCACTCCCCTCGTCACTATACCAACTTGTTTCGTGCAGAGAGACCGTCAGTCAGGAGCTTCGGGCCTAACTAACTACTAGTCAGTTTCCATCACTTCAGACTTGGGTGACAATCCGCCGGTCTTCGTGTTCAGCACAGTCTAGCTTTCGACGTAACGTAAAGCGGTTCCTAGGAGGGTCAGCCGTTAAG,296,T1_QS2_010_BC93
AGCTTCGGGCCTAACTAACTACTAGTCATGCTTGTTACATCAACCCTGGACTGACAATCCGCCGGTCTTCGTGTTCAGCACAGTCTAGCTTTCGACGTAACGTAAAGCG,BC76,76,1,GTGGTCACTTACGTACTCTTTCGGTGCCCTGTAATCTATCTGTCAGTCAAGATACCCAACTCACTCGTTGTCTCCAGGGAGGTCCACTCCCCTCGTCACTATACCAAACAAGCGTGTGCGATAAGCCA,2,4,004,TCTCATTTTCGCCAAAAGTTGG,CTAGGAGGGTCAGCCGTTAAG,CCAT,GTCAGTCAGG,GTTC,CTTAACGGCTGACCCTCCTAG,TCTCATTTTCGCCAAAAGTTGGCCATGTGGTCACTTACGTACTCTTTCGGTGCCCTGTAATCTATCTGTCAGTCAAGATACCCAACTCACTCGTTGTCTCCAGGGAGGTCCACTCCCCTCGTCACTATACCAAACAAGCGTGTGCGATAAGCCAGTCAGTCAGGAGCTTCGGGCCTAACTAACTACTAGTCATGCTTGTTACATCAACCCTGGACTGACAATCCGCCGGTCTTCGTGTTCAGCACAGTCTAGCTTTCGACGTAACGTAAAGCGGTTCCTAGGAGGGTCAGCCGTTAAG,298,T1_QS2_004_BC76
AGCTTCGGGCCTAACTAACTACTAGTCATGGACTTTGGTAACTTCCTGCGTTGACAATCCGCCGGTCTTCGTGTTCAGCACAGTCTAGCTTTCGACGTAACGTAAAGCG,BC50,50,5,TCTCTGATACACCGTCACTTCCAGTGCCCTGTAATCTATCTGTCAGTCACTCAGCACACAACCCCGGATATCAGTCACAAGGTCCACTCCCCTCGTCACTATACCAAAAAGCGAACCAGGGATTACTGTG,2,19,019,TCTCATTTTCGCCAAAAGTTGG,CTAGGAGGGTCAGCCGTTAAG,CCAT,GTCAGTCAGG,GTTC,CTTAACGGCTGACCCTCCTAG,TCTCATTTTCGCCAAAAGTTGGCCATTCTCTGATACACCGTCACTTCCAGTGCCCTGTAATCTATCTGTCAGTCACTCAGCACACAACCCCGGATATCAGTCACAAGGTCCACTCCCCTCGTCACTATACCAAAAAGCGAACCAGGGATTACTGTGGTCAGTCAGGAGCTTCGGGCCTAACTAACTACTAGTCATGGACTTTGGTAACTTCCTGCGTTGACAATCCGCCGGTCTTCGTGTTCAGCACAGTCTAGCTTTCGACGTAACGTAAAGCGGTTCCTAGGAGGGTCAGCCGTTAAG,300,T1_QS2_019_BC50
AGCTTCGGGCCTAACTAACTACTAGTCATGTCCCAGTTAGAGGAGGAAACATGACAATCCGCCGGTCTTCGTGTTCAGCACAGTCTAGCTTTCGACGTAACGTAAAGCG,BC36,36,1,GTGGTCACTTACGTACTCTTTCGGTGCCCTGTAATCTATCTGTCAGTCAAGATACCCAACTCACTCGTTGTCTCCAGGGAGGTCCACTCCCCTCGTCACTATACCAAACAAGCGTGTGCGATAAGCCA,2,4,004,TCTCATTTTCGCCAAAAGTTGG,CTAGGAGGGTCAGCCGTTAAG,CCAT,GTCAGTCAGG,GTTC,CTTAACGGCTGACCCTCCTAG,TCTCATTTTCGCCAAAAGTTGGCCATGTGGTCACTTACGTACTCTTTCGGTGCCCTGTAATCTATCTGTCAGTCAAGATACCCAACTCACTCGTTGTCTCCAGGGAGGTCCACTCCCCTCGTCACTATACCAAACAAGCGTGTGCGATAAGCCAGTCAGTCAGGAGCTTCGGGCCTAACTAACTACTAGTCATGTCCCAGTTAGAGGAGGAAACATGACAATCCGCCGGTCTTCGTGTTCAGCACAGTCTAGCTTTCGACGTAACGTAAAGCGGTTCCTAGGAGGGTCAGCCGTTAAG,298,T1_QS2_004_BC36
AGCTTCGGGCCTAACTAACTACTAGTCCAAGAGCTTTGACTAAGGAGCATGTGACAATCCGCCGGTCTTCGTGTTCAGCACAGTCTAGCTTTCGACGTAACGTAAAGCG,BC54,54,4,TACTACCACTTGCCCGATATCGGTGCCCTGTAATCTATCTGTCAGTCAACCACAGTTAGGTTCGAGCTCCCACTGTAGAGGTCCACTCCCCTCGTCACTATACCAAGTTGTCAGTGAATCCGCTAGC,2,18,018,TCTCATTTTCGCCAAAAGTTGG,CTAGGAGGGTCAGCCGTTAAG,CCAT,GTCAGTCAGG,GTTC,CTTAACGGCTGACCCTCCTAG,TCTCATTTTCGCCAAAAGTTGGCCATTACTACCACTTGCCCGATATCGGTGCCCTGTAATCTATCTGTCAGTCAACCACAGTTAGGTTCGAGCTCCCACTGTAGAGGTCCACTCCCCTCGTCACTATACCAAGTTGTCAGTGAATCCGCTAGCGTCAGTCAGGAGCTTCGGGCCTAACTAACTACTAGTCCAAGAGCTTTGACTAAGGAGCATGTGACAATCCGCCGGTCTTCGTGTTCAGCACAGTCTAGCTTTCGACGTAACGTAAAGCGGTTCCTAGGAGGGTCAGCCGTTAAG,297,T1_QS2_018_BC54
AGCTTCGGGCCTAACTAACTACTAGTCCACCCACACTTACTTCAGGACGTATGACAATCCGCCGGTCTTCGTGTTCAGCACAGTCTAGCTTTCGACGTAACGTAAAGCG,BC62,62,2,CGAGAGCCAAGGATAGTAGTCGTGCCCTGTAATCTATCTGTCAGTCACTCCCTCTAGGCTTTGTCACTTCACTCCAGAGGTCCACTCCCCTCGTCACTATACCAATTGACTCCGTTGTCCCTGAGAT,2,7,007,TCTCATTTTCGCCAAAAGTTGG,CTAGGAGGGTCAGCCGTTAAG,CCAT,GTCAGTCAGG,GTTC,CTTAACGGCTGACCCTCCTAG,TCTCATTTTCGCCAAAAGTTGGCCATCGAGAGCCAAGGATAGTAGTCGTGCCCTGTAATCTATCTGTCAGTCACTCCCTCTAGGCTTTGTCACTTCACTCCAGAGGTCCACTCCCCTCGTCACTATACCAATTGACTCCGTTGTCCCTGAGATGTCAGTCAGGAGCTTCGGGCCTAACTAACTACTAGTCCACCCACACTTACTTCAGGACGTATGACAATCCGCCGGTCTTCGTGTTCAGCACAGTCTAGCTTTCGACGTAACGTAAAGCGGTTCCTAGGAGGGTCAGCCGTTAAG,297,T1_QS2_007_BC62
AGCTTCGGGCCTAACTAACTACTAGTCCAGACTTGGTACGGTTGGGTAACTTGACAATCCGCCGGTCTTCGTGTTCAGCACAGTCTAGCTTTCGACGTAACGTAAAGCG,BC33,33,3,GCAGTGCTTTGACCGTGAGTAGTGCCCTGTAATCTATCTGTCAGTCAAAACCCGAGAGTCCCCTAGTAGGTTCGAACAGGTCCACTCCCCTCGTCACTATACCAACTTGTTTCGTGCAGAGAGACC,2,10,010,TCTCATTTTCGCCAAAAGTTGG,CTAGGAGGGTCAGCCGTTAAG,CCAT,GTCAGTCAGG,GTTC,CTTAACGGCTGACCCTCCTAG,TCTCATTTTCGCCAAAAGTTGGCCATGCAGTGCTTTGACCGTGAGTAGTGCCCTGTAATCTATCTGTCAGTCAAAACCCGAGAGTCCCCTAGTAGGTTCGAACAGGTCCACTCCCCTCGTCACTATACCAACTTGTTTCGTGCAGAGAGACCGTCAGTCAGGAGCTTCGGGCCTAACTAACTACTAGTCCAGACTTGGTACGGTTGGGTAACTTGACAATCCGCCGGTCTTCGTGTTCAGCACAGTCTAGCTTTCGACGTAACGTAAAGCGGTTCCTAGGAGGGTCAGCCGTTAAG,296,T1_QS2_010_BC33
AGCTTCGGGCCTAACTAACTACTAGTCCAGGTAGAAAGAAGCAGAATCGGATGACAATCCGCCGGTCTTCGTGTTCAGCACAGTCTAGCTTTCGACGTAACGTAAAGCG,BC12,12,2,CGAGAGCCAAGGATAGTAGTCGTGCCCTGTAATCTATCTGTCAGTCACTCCCTCTAGGCTTTGTCACTTCACTCCAGAGGTCCACTCCCCTCGTCACTATACCAATTGACTCCGTTGTCCCTGAGAT,2,7,007,TCTCATTTTCGCCAAAAGTTGG,CTAGGAGGGTCAGCCGTTAAG,CCAT,GTCAGTCAGG,GTTC,CTTAACGGCTGACCCTCCTAG,TCTCATTTTCGCCAAAAGTTGGCCATCGAGAGCCAAGGATAGTAGTCGTGCCCTGTAATCTATCTGTCAGTCACTCCCTCTAGGCTTTGTCACTTCACTCCAGAGGTCCACTCCCCTCGTCACTATACCAATTGACTCCGTTGTCCCTGAGATGTCAGTCAGGAGCTTCGGGCCTAACTAACTACTAGTCCAGGTAGAAAGAAGCAGAATCGGATGACAATCCGCCGGTCTTCGTGTTCAGCACAGTCTAGCTTTCGACGTAACGTAAAGCGGTTCCTAGGAGGGTCAGCCGTTAAG,297,T1_QS2_007_BC12
AGCTTCGGGCCTAACTAACTACTAGTCCAGGTTACTCCTCCGTGAGTCTGATGACAATCCGCCGGTCTTCGTGTTCAGCACAGTCTAGCTTTCGACGTAACGTAAAGCG,BC58,58,3,GCAGTGCTTTGACCGTGAGTAGTGCCCTGTAATCTATCTGTCAGTCAAAACCCGAGAGTCCCCTAGTAGGTTCGAACAGGTCCACTCCCCTCGTCACTATACCAACTTGTTTCGTGCAGAGAGACC,2,10,010,TCTCATTTTCGCCAAAAGTTGG,CTAGGAGGGTCAGCCGTTAAG,CCAT,GTCAGTCAGG,GTTC,CTTAACGGCTGACCCTCCTAG,TCTCATTTTCGCCAAAAGTTGGCCATGCAGTGCTTTGACCGTGAGTAGTGCCCTGTAATCTATCTGTCAGTCAAAACCCGAGAGTCCCCTAGTAGGTTCGAACAGGTCCACTCCCCTCGTCACTATACCAACTTGTTTCGTGCAGAGAGACCGTCAGTCAGGAGCTTCGGGCCTAACTAACTACTAGTCCAGGTTACTCCTCCGTGAGTCTGATGACAATCCGCCGGTCTTCGTGTTCAGCACAGTCTAGCTTTCGACGTAACGTAAAGCGGTTCCTAGGAGGGTCAGCCGTTAAG,296,T1_QS2_010_BC58
AGCTTCGGGCCTAACTAACTACTAGTCCATACAGCGACTACGCATTCTCATTGACAATCCGCCGGTCTTCGTGTTCAGCACAGTCTAGCTTTCGACGTAACGTAAAGCG,BC26,26,1,GTGGTCACTTACGTACTCTTTCGGTGCCCTGTAATCTATCTGTCAGTCAAGATACCCAACTCACTCGTTGTCTCCAGGGAGGTCCACTCCCCTCGTCACTATACCAAACAAGCGTGTGCGATAAGCCA,2,4,004,TCTCATTTTCGCCAAAAGTTGG,CTAGGAGGGTCAGCCGTTAAG,CCAT,GTCAGTCAGG,GTTC,CTTAACGGCTGACCCTCCTAG,TCTCATTTTCGCCAAAAGTTGGCCATGTGGTCACTTACGTACTCTTTCGGTGCCCTGTAATCTATCTGTCAGTCAAGATACCCAACTCACTCGTTGTCTCCAGGGAGGTCCACTCCCCTCGTCACTATACCAAACAAGCGTGTGCGATAAGCCAGTCAGTCAGGAGCTTCGGGCCTAACTAACTACTAGTCCATACAGCGACTACGCATTCTCATTGACAATCCGCCGGTCTTCGTGTTCAGCACAGTCTAGCTTTCGACGTAACGTAAAGCGGTTCCTAGGAGGGTCAGCCGTTAAG,298,T1_QS2_004_BC26
AGCTTCGGGCCTAACTAACTACTAGTCCATCTGGAACGTGGTACACCTGTATGACAATCCGCCGGTCTTCGTGTTCAGCACAGTCTAGCTTTCGACGTAACGTAAAGCG,BC48,48,3,GCAGTGCTTTGACCGTGAGTAGTGCCCTGTAATCTATCTGTCAGTCAAAACCCGAGAGTCCCCTAGTAGGTTCGAACAGGTCCACTCCCCTCGTCACTATACCAACTTGTTTCGTGCAGAGAGACC,2,10,010,TCTCATTTTCGCCAAAAGTTGG,CTAGGAGGGTCAGCCGTTAAG,CCAT,GTCAGTCAGG,GTTC,CTTAACGGCTGACCCTCCTAG,TCTCATTTTCGCCAAAAGTTGGCCATGCAGTGCTTTGACCGTGAGTAGTGCCCTGTAATCTATCTGTCAGTCAAAACCCGAGAGTCCCCTAGTAGGTTCGAACAGGTCCACTCCCCTCGTCACTATACCAACTTGTTTCGTGCAGAGAGACCGTCAGTCAGGAGCTTCGGGCCTAACTAACTACTAGTCCATCTGGAACGTGGTACACCTGTATGACAATCCGCCGGTCTTCGTGTTCAGCACAGTCTAGCTTTCGACGTAACGTAAAGCGGTTCCTAGGAGGGTCAGCCGTTAAG,296,T1_QS2_010_BC48
AGCTTCGGGCCTAACTAACTACTAGTCCATGTTCAACCAAGGCTTCTATGGTGACAATCCGCCGGTCTTCGTGTTCAGCACAGTCTAGCTTTCGACGTAACGTAAAGCG,BC60,60,5,TCTCTGATACACCGTCACTTCCAGTGCCCTGTAATCTATCTGTCAGTCACTCAGCACACAACCCCGGATATCAGTCACAAGGTCCACTCCCCTCGTCACTATACCAAAAAGCGAACCAGGGATTACTGTG,2,19,019,TCTCATTTTCGCCAAAAGTTGG,CTAGGAGGGTCAGCCGTTAAG,CCAT,GTCAGTCAGG,GTTC,CTTAACGGCTGACCCTCCTAG,TCTCATTTTCGCCAAAAGTTGGCCATTCTCTGATACACCGTCACTTCCAGTGCCCTGTAATCTATCTGTCAGTCACTCAGCACACAACCCCGGATATCAGTCACAAGGTCCACTCCCCTCGTCACTATACCAAAAAGCGAACCAGGGATTACTGTGGTCAGTCAGGAGCTTCGGGCCTAACTAACTACTAGTCCATGTTCAACCAAGGCTTCTATGGTGACAATCCGCCGGTCTTCGTGTTCAGCACAGTCTAGCTTTCGACGTAACGTAAAGCGGTTCCTAGGAGGGTCAGCCGTTAAG,300,T1_QS2_019_BC60
AGCTTCGGGCCTAACTAACTACTAGTCCCAAACCCAACAACCTAGATAGGCTGACAATCCGCCGGTCTTCGTGTTCAGCACAGTCTAGCTTTCGACGTAACGTAAAGCG,BC18,18,3,GCAGTGCTTTGACCGTGAGTAGTGCCCTGTAATCTATCTGTCAGTCAAAACCCGAGAGTCCCCTAGTAGGTTCGAACAGGTCCACTCCCCTCGTCACTATACCAACTTGTTTCGTGCAGAGAGACC,2,10,010,TCTCATTTTCGCCAAAAGTTGG,CTAGGAGGGTCAGCCGTTAAG,CCAT,GTCAGTCAGG,GTTC,CTTAACGGCTGACCCTCCTAG,TCTCATTTTCGCCAAAAGTTGGCCATGCAGTGCTTTGACCGTGAGTAGTGCCCTGTAATCTATCTGTCAGTCAAAACCCGAGAGTCCCCTAGTAGGTTCGAACAGGTCCACTCCCCTCGTCACTATACCAACTTGTTTCGTGCAGAGAGACCGTCAGTCAGGAGCTTCGGGCCTAACTAACTACTAGTCCCAAACCCAACAACCTAGATAGGCTGACAATCCGCCGGTCTTCGTGTTCAGCACAGTCTAGCTTTCGACGTAACGTAAAGCGGTTCCTAGGAGGGTCAGCCGTTAAG,296,T1_QS2_010_BC18
AGCTTCGGGCCTAACTAACTACTAGTCCCACAGTGTCAACTAGAGCCTCTCTGACAATCCGCCGGTCTTCGTGTTCAGCACAGTCTAGCTTTCGACGTAACGTAAAGCG,BC39,39,4,TACTACCACTTGCCCGATATCGGTGCCCTGTAATCTATCTGTCAGTCAACCACAGTTAGGTTCGAGCTCCCACTGTAGAGGTCCACTCCCCTCGTCACTATACCAAGTTGTCAGTGAATCCGCTAGC,2,18,018,TCTCATTTTCGCCAAAAGTTGG,CTAGGAGGGTCAGCCGTTAAG,CCAT,GTCAGTCAGG,GTTC,CTTAACGGCTGACCCTCCTAG,TCTCATTTTCGCCAAAAGTTGGCCATTACTACCACTTGCCCGATATCGGTGCCCTGTAATCTATCTGTCAGTCAACCACAGTTAGGTTCGAGCTCCCACTGTAGAGGTCCACTCCCCTCGTCACTATACCAAGTTGTCAGTGAATCCGCTAGCGTCAGTCAGGAGCTTCGGGCCTAACTAACTACTAGTCCCACAGTGTCAACTAGAGCCTCTCTGACAATCCGCCGGTCTTCGTGTTCAGCACAGTCTAGCTTTCGACGTAACGTAAAGCGGTTCCTAGGAGGGTCAGCCGTTAAG,297,T1_QS2_018_BC39
AGCTTCGGGCCTAACTAACTACTAGTCCCAGTAGAAGTCCGACAACGTCATTGACAATCCGCCGGTCTTCGTGTTCAGCACAGTCTAGCTTTCGACGTAACGTAAAGCG,BC32,32,2,CGAGAGCCAAGGATAGTAGTCGTGCCCTGTAATCTATCTGTCAGTCACTCCCTCTAGGCTTTGTCACTTCACTCCAGAGGTCCACTCCCCTCGTCACTATACCAATTGACTCCGTTGTCCCTGAGAT,2,7,007,TCTCATTTTCGCCAAAAGTTGG,CTAGGAGGGTCAGCCGTTAAG,CCAT,GTCAGTCAGG,GTTC,CTTAACGGCTGACCCTCCTAG,TCTCATTTTCGCCAAAAGTTGGCCATCGAGAGCCAAGGATAGTAGTCGTGCCCTGTAATCTATCTGTCAGTCACTCCCTCTAGGCTTTGTCACTTCACTCCAGAGGTCCACTCCCCTCGTCACTATACCAATTGACTCCGTTGTCCCTGAGATGTCAGTCAGGAGCTTCGGGCCTAACTAACTACTAGTCCCAGTAGAAGTCCGACAACGTCATTGACAATCCGCCGGTCTTCGTGTTCAGCACAGTCTAGCTTTCGACGTAACGTAAAGCGGTTCCTAGGAGGGTCAGCCGTTAAG,297,T1_QS2_007_BC32
AGCTTCGGGCCTAACTAACTACTAGTCCCGATCCTTGTGGCTTCTAACTTCTGACAATCCGCCGGTCTTCGTGTTCAGCACAGTCTAGCTTTCGACGTAACGTAAAGCG,BC66,66,1,GTGGTCACTTACGTACTCTTTCGGTGCCCTGTAATCTATCTGTCAGTCAAGATACCCAACTCACTCGTTGTCTCCAGGGAGGTCCACTCCCCTCGTCACTATACCAAACAAGCGTGTGCGATAAGCCA,2,4,004,TCTCATTTTCGCCAAAAGTTGG,CTAGGAGGGTCAGCCGTTAAG,CCAT,GTCAGTCAGG,GTTC,CTTAACGGCTGACCCTCCTAG,TCTCATTTTCGCCAAAAGTTGGCCATGTGGTCACTTACGTACTCTTTCGGTGCCCTGTAATCTATCTGTCAGTCAAGATACCCAACTCACTCGTTGTCTCCAGGGAGGTCCACTCCCCTCGTCACTATACCAAACAAGCGTGTGCGATAAGCCAGTCAGTCAGGAGCTTCGGGCCTAACTAACTACTAGTCCCGATCCTTGTGGCTTCTAACTTCTGACAATCCGCCGGTCTTCGTGTTCAGCACAGTCTAGCTTTCGACGTAACGTAAAGCGGTTCCTAGGAGGGTCAGCCGTTAAG,298,T1_QS2_004_BC66
AGCTTCGGGCCTAACTAACTACTAGTCCCTCATCTTGTGAAGTTGTTTCGGTGACAATCCGCCGGTCTTCGTGTTCAGCACAGTCTAGCTTTCGACGTAACGTAAAGCG,BC81,81,1,GTGGTCACTTACGTACTCTTTCGGTGCCCTGTAATCTATCTGTCAGTCAAGATACCCAACTCACTCGTTGTCTCCAGGGAGGTCCACTCCCCTCGTCACTATACCAAACAAGCGTGTGCGATAAGCCA,2,4,004,TCTCATTTTCGCCAAAAGTTGG,CTAGGAGGGTCAGCCGTTAAG,CCAT,GTCAGTCAGG,GTTC,CTTAACGGCTGACCCTCCTAG,TCTCATTTTCGCCAAAAGTTGGCCATGTGGTCACTTACGTACTCTTTCGGTGCCCTGTAATCTATCTGTCAGTCAAGATACCCAACTCACTCGTTGTCTCCAGGGAGGTCCACTCCCCTCGTCACTATACCAAACAAGCGTGTGCGATAAGCCAGTCAGTCAGGAGCTTCGGGCCTAACTAACTACTAGTCCCTCATCTTGTGAAGTTGTTTCGGTGACAATCCGCCGGTCTTCGTGTTCAGCACAGTCTAGCTTTCGACGTAACGTAAAGCGGTTCCTAGGAGGGTCAGCCGTTAAG,298,T1_QS2_004_BC81
AGCTTCGGGCCTAACTAACTACTAGTCCCTGGGAGCATCAGGTAGTAACAGTGACAATCCGCCGGTCTTCGTGTTCAGCACAGTCTAGCTTTCGACGTAACGTAAAGCG,BC71,71,1,GTGGTCACTTACGTACTCTTTCGGTGCCCTGTAATCTATCTGTCAGTCAAGATACCCAACTCACTCGTTGTCTCCAGGGAGGTCCACTCCCCTCGTCACTATACCAAACAAGCGTGTGCGATAAGCCA,2,4,004,TCTCATTTTCGCCAAAAGTTGG,CTAGGAGGGTCAGCCGTTAAG,CCAT,GTCAGTCAGG,GTTC,CTTAACGGCTGACCCTCCTAG,TCTCATTTTCGCCAAAAGTTGGCCATGTGGTCACTTACGTACTCTTTCGGTGCCCTGTAATCTATCTGTCAGTCAAGATACCCAACTCACTCGTTGTCTCCAGGGAGGTCCACTCCCCTCGTCACTATACCAAACAAGCGTGTGCGATAAGCCAGTCAGTCAGGAGCTTCGGGCCTAACTAACTACTAGTCCCTGGGAGCATCAGGTAGTAACAGTGACAATCCGCCGGTCTTCGTGTTCAGCACAGTCTAGCTTTCGACGTAACGTAAAGCGGTTCCTAGGAGGGTCAGCCGTTAAG,298,T1_QS2_004_BC71
AGCTTCGGGCCTAACTAACTACTAGTCCCTGTCTGGAAGAAGAATGGACTTTGACAATCCGCCGGTCTTCGTGTTCAGCACAGTCTAGCTTTCGACGTAACGTAAAGCG,BC95,95,5,TCTCTGATACACCGTCACTTCCAGTGCCCTGTAATCTATCTGTCAGTCACTCAGCACACAACCCCGGATATCAGTCACAAGGTCCACTCCCCTCGTCACTATACCAAAAAGCGAACCAGGGATTACTGTG,2,19,019,TCTCATTTTCGCCAAAAGTTGG,CTAGGAGGGTCAGCCGTTAAG,CCAT,GTCAGTCAGG,GTTC,CTTAACGGCTGACCCTCCTAG,TCTCATTTTCGCCAAAAGTTGGCCATTCTCTGATACACCGTCACTTCCAGTGCCCTGTAATCTATCTGTCAGTCACTCAGCACACAACCCCGGATATCAGTCACAAGGTCCACTCCCCTCGTCACTATACCAAAAAGCGAACCAGGGATTACTGTGGTCAGTCAGGAGCTTCGGGCCTAACTAACTACTAGTCCCTGTCTGGAAGAAGAATGGACTTTGACAATCCGCCGGTCTTCGTGTTCAGCACAGTCTAGCTTTCGACGTAACGTAAAGCGGTTCCTAGGAGGGTCAGCCGTTAAG,300,T1_QS2_019_BC95
AGCTTCGGGCCTAACTAACTACTAGTCCGACCTGTTTCTCAGGGATACAACTGACAATCCGCCGGTCTTCGTGTTCAGCACAGTCTAGCTTTCGACGTAACGTAAAGCG,BC77,77,2,CGAGAGCCAAGGATAGTAGTCGTGCCCTGTAATCTATCTGTCAGTCACTCCCTCTAGGCTTTGTCACTTCACTCCAGAGGTCCACTCCCCTCGTCACTATACCAATTGACTCCGTTGTCCCTGAGAT,2,7,007,TCTCATTTTCGCCAAAAGTTGG,CTAGGAGGGTCAGCCGTTAAG,CCAT,GTCAGTCAGG,GTTC,CTTAACGGCTGACCCTCCTAG,TCTCATTTTCGCCAAAAGTTGGCCATCGAGAGCCAAGGATAGTAGTCGTGCCCTGTAATCTATCTGTCAGTCACTCCCTCTAGGCTTTGTCACTTCACTCCAGAGGTCCACTCCCCTCGTCACTATACCAATTGACTCCGTTGTCCCTGAGATGTCAGTCAGGAGCTTCGGGCCTAACTAACTACTAGTCCGACCTGTTTCTCAGGGATACAACTGACAATCCGCCGGTCTTCGTGTTCAGCACAGTCTAGCTTTCGACGTAACGTAAAGCGGTTCCTAGGAGGGTCAGCCGTTAAG,297,T1_QS2_007_BC77
AGCTTCGGGCCTAACTAACTACTAGTCCGACGGTTAGATTCACCTCTTACATGACAATCCGCCGGTCTTCGTGTTCAGCACAGTCTAGCTTTCGACGTAACGTAAAGCG,BC27,27,2,CGAGAGCCAAGGATAGTAGTCGTGCCCTGTAATCTATCTGTCAGTCACTCCCTCTAGGCTTTGTCACTTCACTCCAGAGGTCCACTCCCCTCGTCACTATACCAATTGACTCCGTTGTCCCTGAGAT,2,7,007,TCTCATTTTCGCCAAAAGTTGG,CTAGGAGGGTCAGCCGTTAAG,CCAT,GTCAGTCAGG,GTTC,CTTAACGGCTGACCCTCCTAG,TCTCATTTTCGCCAAAAGTTGGCCATCGAGAGCCAAGGATAGTAGTCGTGCCCTGTAATCTATCTGTCAGTCACTCCCTCTAGGCTTTGTCACTTCACTCCAGAGGTCCACTCCCCTCGTCACTATACCAATTGACTCCGTTGTCCCTGAGATGTCAGTCAGGAGCTTCGGGCCTAACTAACTACTAGTCCGACGGTTAGATTCACCTCTTACATGACAATCCGCCGGTCTTCGTGTTCAGCACAGTCTAGCTTTCGACGTAACGTAAAGCGGTTCCTAGGAGGGTCAGCCGTTAAG,297,T1_QS2_007_BC27
AGCTTCGGGCCTAACTAACTACTAGTCCGGATGAACATAGGATAGCGATTCTGACAATCCGCCGGTCTTCGTGTTCAGCACAGTCTAGCTTTCGACGTAACGTAAAGCG,BC80,80,5,TCTCTGATACACCGTCACTTCCAGTGCCCTGTAATCTATCTGTCAGTCACTCAGCACACAACCCCGGATATCAGTCACAAGGTCCACTCCCCTCGTCACTATACCAAAAAGCGAACCAGGGATTACTGTG,2,19,019,TCTCATTTTCGCCAAAAGTTGG,CTAGGAGGGTCAGCCGTTAAG,CCAT,GTCAGTCAGG,GTTC,CTTAACGGCTGACCCTCCTAG,TCTCATTTTCGCCAAAAGTTGGCCATTCTCTGATACACCGTCACTTCCAGTGCCCTGTAATCTATCTGTCAGTCACTCAGCACACAACCCCGGATATCAGTCACAAGGTCCACTCCCCTCGTCACTATACCAAAAAGCGAACCAGGGATTACTGTGGTCAGTCAGGAGCTTCGGGCCTAACTAACTACTAGTCCGGATGAACATAGGATAGCGATTCTGACAATCCGCCGGTCTTCGTGTTCAGCACAGTCTAGCTTTCGACGTAACGTAAAGCGGTTCCTAGGAGGGTCAGCCGTTAAG,300,T1_QS2_019_BC80
AGCTTCGGGCCTAACTAACTACTAGTCCGTCAACTGACAGTGGTTCGTACTTGACAATCCGCCGGTCTTCGTGTTCAGCACAGTCTAGCTTTCGACGTAACGTAAAGCG,BC16,16,1,GTGGTCACTTACGTACTCTTTCGGTGCCCTGTAATCTATCTGTCAGTCAAGATACCCAACTCACTCGTTGTCTCCAGGGAGGTCCACTCCCCTCGTCACTATACCAAACAAGCGTGTGCGATAAGCCA,2,4,004,TCTCATTTTCGCCAAAAGTTGG,CTAGGAGGGTCAGCCGTTAAG,CCAT,GTCAGTCAGG,GTTC,CTTAACGGCTGACCCTCCTAG,TCTCATTTTCGCCAAAAGTTGGCCATGTGGTCACTTACGTACTCTTTCGGTGCCCTGTAATCTATCTGTCAGTCAAGATACCCAACTCACTCGTTGTCTCCAGGGAGGTCCACTCCCCTCGTCACTATACCAAACAAGCGTGTGCGATAAGCCAGTCAGTCAGGAGCTTCGGGCCTAACTAACTACTAGTCCGTCAACTGACAGTGGTTCGTACTTGACAATCCGCCGGTCTTCGTGTTCAGCACAGTCTAGCTTTCGACGTAACGTAAAGCGGTTCCTAGGAGGGTCAGCCGTTAAG,298,T1_QS2_004_BC16
AGCTTCGGGCCTAACTAACTACTAGTCCTACGTGTAAGGCATACCTGCCAGTGACAATCCGCCGGTCTTCGTGTTCAGCACAGTCTAGCTTTCGACGTAACGTAAAGCG,BC42,42,2,CGAGAGCCAAGGATAGTAGTCGTGCCCTGTAATCTATCTGTCAGTCACTCCCTCTAGGCTTTGTCACTTCACTCCAGAGGTCCACTCCCCTCGTCACTATACCAATTGACTCCGTTGTCCCTGAGAT,2,7,007,TCTCATTTTCGCCAAAAGTTGG,CTAGGAGGGTCAGCCGTTAAG,CCAT,GTCAGTCAGG,GTTC,CTTAACGGCTGACCCTCCTAG,TCTCATTTTCGCCAAAAGTTGGCCATCGAGAGCCAAGGATAGTAGTCGTGCCCTGTAATCTATCTGTCAGTCACTCCCTCTAGGCTTTGTCACTTCACTCCAGAGGTCCACTCCCCTCGTCACTATACCAATTGACTCCGTTGTCCCTGAGATGTCAGTCAGGAGCTTCGGGCCTAACTAACTACTAGTCCTACGTGTAAGGCATACCTGCCAGTGACAATCCGCCGGTCTTCGTGTTCAGCACAGTCTAGCTTTCGACGTAACGTAAAGCGGTTCCTAGGAGGGTCAGCCGTTAAG,297,T1_QS2_007_BC42
AGCTTCGGGCCTAACTAACTACTAGTCCTACTTACGAAGCTGAGGGACTGCTGACAATCCGCCGGTCTTCGTGTTCAGCACAGTCTAGCTTTCGACGTAACGTAAAGCG,BC35,35,5,TCTCTGATACACCGTCACTTCCAGTGCCCTGTAATCTATCTGTCAGTCACTCAGCACACAACCCCGGATATCAGTCACAAGGTCCACTCCCCTCGTCACTATACCAAAAAGCGAACCAGGGATTACTGTG,2,19,019,TCTCATTTTCGCCAAAAGTTGG,CTAGGAGGGTCAGCCGTTAAG,CCAT,GTCAGTCAGG,GTTC,CTTAACGGCTGACCCTCCTAG,TCTCATTTTCGCCAAAAGTTGGCCATTCTCTGATACACCGTCACTTCCAGTGCCCTGTAATCTATCTGTCAGTCACTCAGCACACAACCCCGGATATCAGTCACAAGGTCCACTCCCCTCGTCACTATACCAAAAAGCGAACCAGGGATTACTGTGGTCAGTCAGGAGCTTCGGGCCTAACTAACTACTAGTCCTACTTACGAAGCTGAGGGACTGCTGACAATCCGCCGGTCTTCGTGTTCAGCACAGTCTAGCTTTCGACGTAACGTAAAGCGGTTCCTAGGAGGGTCAGCCGTTAAG,300,T1_QS2_019_BC35
AGCTTCGGGCCTAACTAACTACTAGTCCTAGACACCTTGGGTTGACAGACCTGACAATCCGCCGGTCTTCGTGTTCAGCACAGTCTAGCTTTCGACGTAACGTAAAGCG,BC29,29,4,TACTACCACTTGCCCGATATCGGTGCCCTGTAATCTATCTGTCAGTCAACCACAGTTAGGTTCGAGCTCCCACTGTAGAGGTCCACTCCCCTCGTCACTATACCAAGTTGTCAGTGAATCCGCTAGC,2,18,018,TCTCATTTTCGCCAAAAGTTGG,CTAGGAGGGTCAGCCGTTAAG,CCAT,GTCAGTCAGG,GTTC,CTTAACGGCTGACCCTCCTAG,TCTCATTTTCGCCAAAAGTTGGCCATTACTACCACTTGCCCGATATCGGTGCCCTGTAATCTATCTGTCAGTCAACCACAGTTAGGTTCGAGCTCCCACTGTAGAGGTCCACTCCCCTCGTCACTATACCAAGTTGTCAGTGAATCCGCTAGCGTCAGTCAGGAGCTTCGGGCCTAACTAACTACTAGTCCTAGACACCTTGGGTTGACAGACCTGACAATCCGCCGGTCTTCGTGTTCAGCACAGTCTAGCTTTCGACGTAACGTAAAGCGGTTCCTAGGAGGGTCAGCCGTTAAG,297,T1_QS2_018_BC29
AGCTTCGGGCCTAACTAACTACTAGTCCTGAACGGTCATAGAGTCCACCATTGACAATCCGCCGGTCTTCGTGTTCAGCACAGTCTAGCTTTCGACGTAACGTAAAGCG,BC96,96,1,GTGGTCACTTACGTACTCTTTCGGTGCCCTGTAATCTATCTGTCAGTCAAGATACCCAACTCACTCGTTGTCTCCAGGGAGGTCCACTCCCCTCGTCACTATACCAAACAAGCGTGTGCGATAAGCCA,2,4,004,TCTCATTTTCGCCAAAAGTTGG,CTAGGAGGGTCAGCCGTTAAG,CCAT,GTCAGTCAGG,GTTC,CTTAACGGCTGACCCTCCTAG,TCTCATTTTCGCCAAAAGTTGGCCATGTGGTCACTTACGTACTCTTTCGGTGCCCTGTAATCTATCTGTCAGTCAAGATACCCAACTCACTCGTTGTCTCCAGGGAGGTCCACTCCCCTCGTCACTATACCAAACAAGCGTGTGCGATAAGCCAGTCAGTCAGGAGCTTCGGGCCTAACTAACTACTAGTCCTGAACGGTCATAGAGTCCACCATTGACAATCCGCCGGTCTTCGTGTTCAGCACAGTCTAGCTTTCGACGTAACGTAAAGCGGTTCCTAGGAGGGTCAGCCGTTAAG,298,T1_QS2_004_BC96
AGCTTCGGGCCTAACTAACTACTAGTCCTTACTACCCAGTGAACCTCCTCGTGACAATCCGCCGGTCTTCGTGTTCAGCACAGTCTAGCTTTCGACGTAACGTAAAGCG,BC23,23,3,GCAGTGCTTTGACCGTGAGTAGTGCCCTGTAATCTATCTGTCAGTCAAAACCCGAGAGTCCCCTAGTAGGTTCGAACAGGTCCACTCCCCTCGTCACTATACCAACTTGTTTCGTGCAGAGAGACC,2,10,010,TCTCATTTTCGCCAAAAGTTGG,CTAGGAGGGTCAGCCGTTAAG,CCAT,GTCAGTCAGG,GTTC,CTTAACGGCTGACCCTCCTAG,TCTCATTTTCGCCAAAAGTTGGCCATGCAGTGCTTTGACCGTGAGTAGTGCCCTGTAATCTATCTGTCAGTCAAAACCCGAGAGTCCCCTAGTAGGTTCGAACAGGTCCACTCCCCTCGTCACTATACCAACTTGTTTCGTGCAGAGAGACCGTCAGTCAGGAGCTTCGGGCCTAACTAACTACTAGTCCTTACTACCCAGTGAACCTCCTCGTGACAATCCGCCGGTCTTCGTGTTCAGCACAGTCTAGCTTTCGACGTAACGTAAAGCGGTTCCTAGGAGGGTCAGCCGTTAAG,296,T1_QS2_010_BC23
AGCTTCGGGCCTAACTAACTACTAGTCCTTGTCCAGGGTTTGTGTAACCTTTGACAATCCGCCGGTCTTCGTGTTCAGCACAGTCTAGCTTTCGACGTAACGTAAAGCG,BC05,5,5,TCTCTGATACACCGTCACTTCCAGTGCCCTGTAATCTATCTGTCAGTCACTCAGCACACAACCCCGGATATCAGTCACAAGGTCCACTCCCCTCGTCACTATACCAAAAAGCGAACCAGGGATTACTGTG,2,19,019,TCTCATTTTCGCCAAAAGTTGG,CTAGGAGGGTCAGCCGTTAAG,CCAT,GTCAGTCAGG,GTTC,CTTAACGGCTGACCCTCCTAG,TCTCATTTTCGCCAAAAGTTGGCCATTCTCTGATACACCGTCACTTCCAGTGCCCTGTAATCTATCTGTCAGTCACTCAGCACACAACCCCGGATATCAGTCACAAGGTCCACTCCCCTCGTCACTATACCAAAAAGCGAACCAGGGATTACTGTGGTCAGTCAGGAGCTTCGGGCCTAACTAACTACTAGTCCTTGTCCAGGGTTTGTGTAACCTTTGACAATCCGCCGGTCTTCGTGTTCAGCACAGTCTAGCTTTCGACGTAACGTAAAGCGGTTCCTAGGAGGGTCAGCCGTTAAG,300,T1_QS2_019_BC05
AGCTTCGGGCCTAACTAACTACTAGTCCTTTCGTTGTTGACTCGACGGTAGTGACAATCCGCCGGTCTTCGTGTTCAGCACAGTCTAGCTTTCGACGTAACGTAAAGCG,BC43,43,3,GCAGTGCTTTGACCGTGAGTAGTGCCCTGTAATCTATCTGTCAGTCAAAACCCGAGAGTCCCCTAGTAGGTTCGAACAGGTCCACTCCCCTCGTCACTATACCAACTTGTTTCGTGCAGAGAGACC,2,10,010,TCTCATTTTCGCCAAAAGTTGG,CTAGGAGGGTCAGCCGTTAAG,CCAT,GTCAGTCAGG,GTTC,CTTAACGGCTGACCCTCCTAG,TCTCATTTTCGCCAAAAGTTGGCCATGCAGTGCTTTGACCGTGAGTAGTGCCCTGTAATCTATCTGTCAGTCAAAACCCGAGAGTCCCCTAGTAGGTTCGAACAGGTCCACTCCCCTCGTCACTATACCAACTTGTTTCGTGCAGAGAGACCGTCAGTCAGGAGCTTCGGGCCTAACTAACTACTAGTCCTTTCGTTGTTGACTCGACGGTAGTGACAATCCGCCGGTCTTCGTGTTCAGCACAGTCTAGCTTTCGACGTAACGTAAAGCGGTTCCTAGGAGGGTCAGCCGTTAAG,296,T1_QS2_010_BC43
AGCTTCGGGCCTAACTAACTACTAGTCGAATCTAAGCAAACACGAAGGTGGTGACAATCCGCCGGTCTTCGTGTTCAGCACAGTCTAGCTTTCGACGTAACGTAAAGCG,BC68,68,3,GCAGTGCTTTGACCGTGAGTAGTGCCCTGTAATCTATCTGTCAGTCAAAACCCGAGAGTCCCCTAGTAGGTTCGAACAGGTCCACTCCCCTCGTCACTATACCAACTTGTTTCGTGCAGAGAGACC,2,10,010,TCTCATTTTCGCCAAAAGTTGG,CTAGGAGGGTCAGCCGTTAAG,CCAT,GTCAGTCAGG,GTTC,CTTAACGGCTGACCCTCCTAG,TCTCATTTTCGCCAAAAGTTGGCCATGCAGTGCTTTGACCGTGAGTAGTGCCCTGTAATCTATCTGTCAGTCAAAACCCGAGAGTCCCCTAGTAGGTTCGAACAGGTCCACTCCCCTCGTCACTATACCAACTTGTTTCGTGCAGAGAGACCGTCAGTCAGGAGCTTCGGGCCTAACTAACTACTAGTCGAATCTAAGCAAACACGAAGGTGGTGACAATCCGCCGGTCTTCGTGTTCAGCACAGTCTAGCTTTCGACGTAACGTAAAGCGGTTCCTAGGAGGGTCAGCCGTTAAG,296,T1_QS2_010_BC68
AGCTTCGGGCCTAACTAACTACTAGTCGACAGACACCGTTCATCGACTTTCTGACAATCCGCCGGTCTTCGTGTTCAGCACAGTCTAGCTTTCGACGTAACGTAAAGCG,BC64,64,4,TACTACCACTTGCCCGATATCGGTGCCCTGTAATCTATCTGTCAGTCAACCACAGTTAGGTTCGAGCTCCCACTGTAGAGGTCCACTCCCCTCGTCACTATACCAAGTTGTCAGTGAATCCGCTAGC,2,18,018,TCTCATTTTCGCCAAAAGTTGG,CTAGGAGGGTCAGCCGTTAAG,CCAT,GTCAGTCAGG,GTTC,CTTAACGGCTGACCCTCCTAG,TCTCATTTTCGCCAAAAGTTGGCCATTACTACCACTTGCCCGATATCGGTGCCCTGTAATCTATCTGTCAGTCAACCACAGTTAGGTTCGAGCTCCCACTGTAGAGGTCCACTCCCCTCGTCACTATACCAAGTTGTCAGTGAATCCGCTAGCGTCAGTCAGGAGCTTCGGGCCTAACTAACTACTAGTCGACAGACACCGTTCATCGACTTTCTGACAATCCGCCGGTCTTCGTGTTCAGCACAGTCTAGCTTTCGACGTAACGTAAAGCGGTTCCTAGGAGGGTCAGCCGTTAAG,297,T1_QS2_018_BC64
AGCTTCGGGCCTAACTAACTACTAGTCGACCATTGTGATGAACCCTGTTGTTGACAATCCGCCGGTCTTCGTGTTCAGCACAGTCTAGCTTTCGACGTAACGTAAAGCG,BC75,75,5,TCTCTGATACACCGTCACTTCCAGTGCCCTGTAATCTATCTGTCAGTCACTCAGCACACAACCCCGGATATCAGTCACAAGGTCCACTCCCCTCGTCACTATACCAAAAAGCGAACCAGGGATTACTGTG,2,19,019,TCTCATTTTCGCCAAAAGTTGG,CTAGGAGGGTCAGCCGTTAAG,CCAT,GTCAGTCAGG,GTTC,CTTAACGGCTGACCCTCCTAG,TCTCATTTTCGCCAAAAGTTGGCCATTCTCTGATACACCGTCACTTCCAGTGCCCTGTAATCTATCTGTCAGTCACTCAGCACACAACCCCGGATATCAGTCACAAGGTCCACTCCCCTCGTCACTATACCAAAAAGCGAACCAGGGATTACTGTGGTCAGTCAGGAGCTTCGGGCCTAACTAACTACTAGTCGACCATTGTGATGAACCCTGTTGTTGACAATCCGCCGGTCTTCGTGTTCAGCACAGTCTAGCTTTCGACGTAACGTAAAGCGGTTCCTAGGAGGGTCAGCCGTTAAG,300,T1_QS2_019_BC75
AGCTTCGGGCCTAACTAACTACTAGTCGAGCCTCTCATTGTCCGTTCTCTATGACAATCCGCCGGTCTTCGTGTTCAGCACAGTCTAGCTTTCGACGTAACGTAAAGCG,BC21,21,1,GTGGTCACTTACGTACTCTTTCGGTGCCCTGTAATCTATCTGTCAGTCAAGATACCCAACTCACTCGTTGTCTCCAGGGAGGTCCACTCCCCTCGTCACTATACCAAACAAGCGTGTGCGATAAGCCA,2,4,004,TCTCATTTTCGCCAAAAGTTGG,CTAGGAGGGTCAGCCGTTAAG,CCAT,GTCAGTCAGG,GTTC,CTTAACGGCTGACCCTCCTAG,TCTCATTTTCGCCAAAAGTTGGCCATGTGGTCACTTACGTACTCTTTCGGTGCCCTGTAATCTATCTGTCAGTCAAGATACCCAACTCACTCGTTGTCTCCAGGGAGGTCCACTCCCCTCGTCACTATACCAAACAAGCGTGTGCGATAAGCCAGTCAGTCAGGAGCTTCGGGCCTAACTAACTACTAGTCGAGCCTCTCATTGTCCGTTCTCTATGACAATCCGCCGGTCTTCGTGTTCAGCACAGTCTAGCTTTCGACGTAACGTAAAGCGGTTCCTAGGAGGGTCAGCCGTTAAG,298,T1_QS2_004_BC21
AGCTTCGGGCCTAACTAACTACTAGTCGAGTCTTGTGTCCCAGTTACCAGGTGACAATCCGCCGGTCTTCGTGTTCAGCACAGTCTAGCTTTCGACGTAACGTAAAGCG,BC03,3,3,GCAGTGCTTTGACCGTGAGTAGTGCCCTGTAATCTATCTGTCAGTCAAAACCCGAGAGTCCCCTAGTAGGTTCGAACAGGTCCACTCCCCTCGTCACTATACCAACTTGTTTCGTGCAGAGAGACC,2,10,010,TCTCATTTTCGCCAAAAGTTGG,CTAGGAGGGTCAGCCGTTAAG,CCAT,GTCAGTCAGG,GTTC,CTTAACGGCTGACCCTCCTAG,TCTCATTTTCGCCAAAAGTTGGCCATGCAGTGCTTTGACCGTGAGTAGTGCCCTGTAATCTATCTGTCAGTCAAAACCCGAGAGTCCCCTAGTAGGTTCGAACAGGTCCACTCCCCTCGTCACTATACCAACTTGTTTCGTGCAGAGAGACCGTCAGTCAGGAGCTTCGGGCCTAACTAACTACTAGTCGAGTCTTGTGTCCCAGTTACCAGGTGACAATCCGCCGGTCTTCGTGTTCAGCACAGTCTAGCTTTCGACGTAACGTAAAGCGGTTCCTAGGAGGGTCAGCCGTTAAG,296,T1_QS2_010_BC03
AGCTTCGGGCCTAACTAACTACTAGTCGATCCAACAGAGATGCCTTCAGTGTGACAATCCGCCGGTCTTCGTGTTCAGCACAGTCTAGCTTTCGACGTAACGTAAAGCG,BC45,45,5,TCTCTGATACACCGTCACTTCCAGTGCCCTGTAATCTATCTGTCAGTCACTCAGCACACAACCCCGGATATCAGTCACAAGGTCCACTCCCCTCGTCACTATACCAAAAAGCGAACCAGGGATTACTGTG,2,19,019,TCTCATTTTCGCCAAAAGTTGG,CTAGGAGGGTCAGCCGTTAAG,CCAT,GTCAGTCAGG,GTTC,CTTAACGGCTGACCCTCCTAG,TCTCATTTTCGCCAAAAGTTGGCCATTCTCTGATACACCGTCACTTCCAGTGCCCTGTAATCTATCTGTCAGTCACTCAGCACACAACCCCGGATATCAGTCACAAGGTCCACTCCCCTCGTCACTATACCAAAAAGCGAACCAGGGATTACTGTGGTCAGTCAGGAGCTTCGGGCCTAACTAACTACTAGTCGATCCAACAGAGATGCCTTCAGTGTGACAATCCGCCGGTCTTCGTGTTCAGCACAGTCTAGCTTTCGACGTAACGTAAAGCGGTTCCTAGGAGGGTCAGCCGTTAAG,300,T1_QS2_019_BC45
AGCTTCGGGCCTAACTAACTACTAGTCGATGTAGAGGGTACGGTTTGAGGCTGACAATCCGCCGGTCTTCGTGTTCAGCACAGTCTAGCTTTCGACGTAACGTAAAGCG,BC90,90,5,TCTCTGATACACCGTCACTTCCAGTGCCCTGTAATCTATCTGTCAGTCACTCAGCACACAACCCCGGATATCAGTCACAAGGTCCACTCCCCTCGTCACTATACCAAAAAGCGAACCAGGGATTACTGTG,2,19,019,TCTCATTTTCGCCAAAAGTTGG,CTAGGAGGGTCAGCCGTTAAG,CCAT,GTCAGTCAGG,GTTC,CTTAACGGCTGACCCTCCTAG,TCTCATTTTCGCCAAAAGTTGGCCATTCTCTGATACACCGTCACTTCCAGTGCCCTGTAATCTATCTGTCAGTCACTCAGCACACAACCCCGGATATCAGTCACAAGGTCCACTCCCCTCGTCACTATACCAAAAAGCGAACCAGGGATTACTGTGGTCAGTCAGGAGCTTCGGGCCTAACTAACTACTAGTCGATGTAGAGGGTACGGTTTGAGGCTGACAATCCGCCGGTCTTCGTGTTCAGCACAGTCTAGCTTTCGACGTAACGTAAAGCGGTTCCTAGGAGGGTCAGCCGTTAAG,300,T1_QS2_019_BC90
AGCTTCGGGCCTAACTAACTACTAGTCGATTGTCCTCAAACTGCCACCTACTGACAATCCGCCGGTCTTCGTGTTCAGCACAGTCTAGCTTTCGACGTAACGTAAAGCG,BC94,94,4,TACTACCACTTGCCCGATATCGGTGCCCTGTAATCTATCTGTCAGTCAACCACAGTTAGGTTCGAGCTCCCACTGTAGAGGTCCACTCCCCTCGTCACTATACCAAGTTGTCAGTGAATCCGCTAGC,2,18,018,TCTCATTTTCGCCAAAAGTTGG,CTAGGAGGGTCAGCCGTTAAG,CCAT,GTCAGTCAGG,GTTC,CTTAACGGCTGACCCTCCTAG,TCTCATTTTCGCCAAAAGTTGGCCATTACTACCACTTGCCCGATATCGGTGCCCTGTAATCTATCTGTCAGTCAACCACAGTTAGGTTCGAGCTCCCACTGTAGAGGTCCACTCCCCTCGTCACTATACCAAGTTGTCAGTGAATCCGCTAGCGTCAGTCAGGAGCTTCGGGCCTAACTAACTACTAGTCGATTGTCCTCAAACTGCCACCTACTGACAATCCGCCGGTCTTCGTGTTCAGCACAGTCTAGCTTTCGACGTAACGTAAAGCGGTTCCTAGGAGGGTCAGCCGTTAAG,297,T1_QS2_018_BC94
AGCTTCGGGCCTAACTAACTACTAGTCGCATAGTTCTGCATGATGGGTTAGTGACAATCCGCCGGTCTTCGTGTTCAGCACAGTCTAGCTTTCGACGTAACGTAAAGCG,BC24,24,4,TACTACCACTTGCCCGATATCGGTGCCCTGTAATCTATCTGTCAGTCAACCACAGTTAGGTTCGAGCTCCCACTGTAGAGGTCCACTCCCCTCGTCACTATACCAAGTTGTCAGTGAATCCGCTAGC,2,18,018,TCTCATTTTCGCCAAAAGTTGG,CTAGGAGGGTCAGCCGTTAAG,CCAT,GTCAGTCAGG,GTTC,CTTAACGGCTGACCCTCCTAG,TCTCATTTTCGCCAAAAGTTGGCCATTACTACCACTTGCCCGATATCGGTGCCCTGTAATCTATCTGTCAGTCAACCACAGTTAGGTTCGAGCTCCCACTGTAGAGGTCCACTCCCCTCGTCACTATACCAAGTTGTCAGTGAATCCGCTAGCGTCAGTCAGGAGCTTCGGGCCTAACTAACTACTAGTCGCATAGTTCTGCATGATGGGTTAGTGACAATCCGCCGGTCTTCGTGTTCAGCACAGTCTAGCTTTCGACGTAACGTAAAGCGGTTCCTAGGAGGGTCAGCCGTTAAG,297,T1_QS2_018_BC24
AGCTTCGGGCCTAACTAACTACTAGTCGCTAGGTCAATCTCCTTCGGAAGTTGACAATCCGCCGGTCTTCGTGTTCAGCACAGTCTAGCTTTCGACGTAACGTAAAGCG,BC57,57,2,CGAGAGCCAAGGATAGTAGTCGTGCCCTGTAATCTATCTGTCAGTCACTCCCTCTAGGCTTTGTCACTTCACTCCAGAGGTCCACTCCCCTCGTCACTATACCAATTGACTCCGTTGTCCCTGAGAT,2,7,007,TCTCATTTTCGCCAAAAGTTGG,CTAGGAGGGTCAGCCGTTAAG,CCAT,GTCAGTCAGG,GTTC,CTTAACGGCTGACCCTCCTAG,TCTCATTTTCGCCAAAAGTTGGCCATCGAGAGCCAAGGATAGTAGTCGTGCCCTGTAATCTATCTGTCAGTCACTCCCTCTAGGCTTTGTCACTTCACTCCAGAGGTCCACTCCCCTCGTCACTATACCAATTGACTCCGTTGTCCCTGAGATGTCAGTCAGGAGCTTCGGGCCTAACTAACTACTAGTCGCTAGGTCAATCTCCTTCGGAAGTTGACAATCCGCCGGTCTTCGTGTTCAGCACAGTCTAGCTTTCGACGTAACGTAAAGCGGTTCCTAGGAGGGTCAGCCGTTAAG,297,T1_QS2_007_BC57
AGCTTCGGGCCTAACTAACTACTAGTCGCTGTGTTCCACTTCATTCTCCTGTGACAATCCGCCGGTCTTCGTGTTCAGCACAGTCTAGCTTTCGACGTAACGTAAAGCG,BC46,46,1,GTGGTCACTTACGTACTCTTTCGGTGCCCTGTAATCTATCTGTCAGTCAAGATACCCAACTCACTCGTTGTCTCCAGGGAGGTCCACTCCCCTCGTCACTATACCAAACAAGCGTGTGCGATAAGCCA,2,4,004,TCTCATTTTCGCCAAAAGTTGG,CTAGGAGGGTCAGCCGTTAAG,CCAT,GTCAGTCAGG,GTTC,CTTAACGGCTGACCCTCCTAG,TCTCATTTTCGCCAAAAGTTGGCCATGTGGTCACTTACGTACTCTTTCGGTGCCCTGTAATCTATCTGTCAGTCAAGATACCCAACTCACTCGTTGTCTCCAGGGAGGTCCACTCCCCTCGTCACTATACCAAACAAGCGTGTGCGATAAGCCAGTCAGTCAGGAGCTTCGGGCCTAACTAACTACTAGTCGCTGTGTTCCACTTCATTCTCCTGTGACAATCCGCCGGTCTTCGTGTTCAGCACAGTCTAGCTTTCGACGTAACGTAAAGCGGTTCCTAGGAGGGTCAGCCGTTAAG,298,T1_QS2_004_BC46
AGCTTCGGGCCTAACTAACTACTAGTCGCTTGCGATTGATGCTTAGTATCATGACAATCCGCCGGTCTTCGTGTTCAGCACAGTCTAGCTTTCGACGTAACGTAAAGCG,BC37,37,2,CGAGAGCCAAGGATAGTAGTCGTGCCCTGTAATCTATCTGTCAGTCACTCCCTCTAGGCTTTGTCACTTCACTCCAGAGGTCCACTCCCCTCGTCACTATACCAATTGACTCCGTTGTCCCTGAGAT,2,7,007,TCTCATTTTCGCCAAAAGTTGG,CTAGGAGGGTCAGCCGTTAAG,CCAT,GTCAGTCAGG,GTTC,CTTAACGGCTGACCCTCCTAG,TCTCATTTTCGCCAAAAGTTGGCCATCGAGAGCCAAGGATAGTAGTCGTGCCCTGTAATCTATCTGTCAGTCACTCCCTCTAGGCTTTGTCACTTCACTCCAGAGGTCCACTCCCCTCGTCACTATACCAATTGACTCCGTTGTCCCTGAGATGTCAGTCAGGAGCTTCGGGCCTAACTAACTACTAGTCGCTTGCGATTGATGCTTAGTATCATGACAATCCGCCGGTCTTCGTGTTCAGCACAGTCTAGCTTTCGACGTAACGTAAAGCGGTTCCTAGGAGGGTCAGCCGTTAAG,297,T1_QS2_007_BC37
AGCTTCGGGCCTAACTAACTACTAGTCGGACGAAGAACTCAAGTCAAAGGCTGACAATCCGCCGGTCTTCGTGTTCAGCACAGTCTAGCTTTCGACGTAACGTAAAGCG,BC34,34,4,TACTACCACTTGCCCGATATCGGTGCCCTGTAATCTATCTGTCAGTCAACCACAGTTAGGTTCGAGCTCCCACTGTAGAGGTCCACTCCCCTCGTCACTATACCAAGTTGTCAGTGAATCCGCTAGC,2,18,018,TCTCATTTTCGCCAAAAGTTGG,CTAGGAGGGTCAGCCGTTAAG,CCAT,GTCAGTCAGG,GTTC,CTTAACGGCTGACCCTCCTAG,TCTCATTTTCGCCAAAAGTTGGCCATTACTACCACTTGCCCGATATCGGTGCCCTGTAATCTATCTGTCAGTCAACCACAGTTAGGTTCGAGCTCCCACTGTAGAGGTCCACTCCCCTCGTCACTATACCAAGTTGTCAGTGAATCCGCTAGCGTCAGTCAGGAGCTTCGGGCCTAACTAACTACTAGTCGGACGAAGAACTCAAGTCAAAGGCTGACAATCCGCCGGTCTTCGTGTTCAGCACAGTCTAGCTTTCGACGTAACGTAAAGCGGTTCCTAGGAGGGTCAGCCGTTAAG,297,T1_QS2_018_BC34
AGCTTCGGGCCTAACTAACTACTAGTCGGAGTTCGTCCAGAGAAGTACACGTGACAATCCGCCGGTCTTCGTGTTCAGCACAGTCTAGCTTTCGACGTAACGTAAAGCG,BC41,41,1,GTGGTCACTTACGTACTCTTTCGGTGCCCTGTAATCTATCTGTCAGTCAAGATACCCAACTCACTCGTTGTCTCCAGGGAGGTCCACTCCCCTCGTCACTATACCAAACAAGCGTGTGCGATAAGCCA,2,4,004,TCTCATTTTCGCCAAAAGTTGG,CTAGGAGGGTCAGCCGTTAAG,CCAT,GTCAGTCAGG,GTTC,CTTAACGGCTGACCCTCCTAG,TCTCATTTTCGCCAAAAGTTGGCCATGTGGTCACTTACGTACTCTTTCGGTGCCCTGTAATCTATCTGTCAGTCAAGATACCCAACTCACTCGTTGTCTCCAGGGAGGTCCACTCCCCTCGTCACTATACCAAACAAGCGTGTGCGATAAGCCAGTCAGTCAGGAGCTTCGGGCCTAACTAACTACTAGTCGGAGTTCGTCCAGAGAAGTACACGTGACAATCCGCCGGTCTTCGTGTTCAGCACAGTCTAGCTTTCGACGTAACGTAAAGCGGTTCCTAGGAGGGTCAGCCGTTAAG,298,T1_QS2_004_BC41
AGCTTCGGGCCTAACTAACTACTAGTCGGCTCCATAGGAACTCACGCTACTTGACAATCCGCCGGTCTTCGTGTTCAGCACAGTCTAGCTTTCGACGTAACGTAAAGCG,BC91,91,1,GTGGTCACTTACGTACTCTTTCGGTGCCCTGTAATCTATCTGTCAGTCAAGATACCCAACTCACTCGTTGTCTCCAGGGAGGTCCACTCCCCTCGTCACTATACCAAACAAGCGTGTGCGATAAGCCA,2,4,004,TCTCATTTTCGCCAAAAGTTGG,CTAGGAGGGTCAGCCGTTAAG,CCAT,GTCAGTCAGG,GTTC,CTTAACGGCTGACCCTCCTAG,TCTCATTTTCGCCAAAAGTTGGCCATGTGGTCACTTACGTACTCTTTCGGTGCCCTGTAATCTATCTGTCAGTCAAGATACCCAACTCACTCGTTGTCTCCAGGGAGGTCCACTCCCCTCGTCACTATACCAAACAAGCGTGTGCGATAAGCCAGTCAGTCAGGAGCTTCGGGCCTAACTAACTACTAGTCGGCTCCATAGGAACTCACGCTACTTGACAATCCGCCGGTCTTCGTGTTCAGCACAGTCTAGCTTTCGACGTAACGTAAAGCGGTTCCTAGGAGGGTCAGCCGTTAAG,298,T1_QS2_004_BC91
AGCTTCGGGCCTAACTAACTACTAGTCGTAAGTTGGGTATGCAACGCAATGTGACAATCCGCCGGTCTTCGTGTTCAGCACAGTCTAGCTTTCGACGTAACGTAAAGCG,BC25,25,5,TCTCTGATACACCGTCACTTCCAGTGCCCTGTAATCTATCTGTCAGTCACTCAGCACACAACCCCGGATATCAGTCACAAGGTCCACTCCCCTCGTCACTATACCAAAAAGCGAACCAGGGATTACTGTG,2,19,019,TCTCATTTTCGCCAAAAGTTGG,CTAGGAGGGTCAGCCGTTAAG,CCAT,GTCAGTCAGG,GTTC,CTTAACGGCTGACCCTCCTAG,TCTCATTTTCGCCAAAAGTTGGCCATTCTCTGATACACCGTCACTTCCAGTGCCCTGTAATCTATCTGTCAGTCACTCAGCACACAACCCCGGATATCAGTCACAAGGTCCACTCCCCTCGTCACTATACCAAAAAGCGAACCAGGGATTACTGTGGTCAGTCAGGAGCTTCGGGCCTAACTAACTACTAGTCGTAAGTTGGGTATGCAACGCAATGTGACAATCCGCCGGTCTTCGTGTTCAGCACAGTCTAGCTTTCGACGTAACGTAAAGCGGTTCCTAGGAGGGTCAGCCGTTAAG,300,T1_QS2_019_BC25
AGCTTCGGGCCTAACTAACTACTAGTCGTAGTGGACCTAGAACCTGTGCCATGACAATCCGCCGGTCTTCGTGTTCAGCACAGTCTAGCTTTCGACGTAACGTAAAGCG,BC84,84,4,TACTACCACTTGCCCGATATCGGTGCCCTGTAATCTATCTGTCAGTCAACCACAGTTAGGTTCGAGCTCCCACTGTAGAGGTCCACTCCCCTCGTCACTATACCAAGTTGTCAGTGAATCCGCTAGC,2,18,018,TCTCATTTTCGCCAAAAGTTGG,CTAGGAGGGTCAGCCGTTAAG,CCAT,GTCAGTCAGG,GTTC,CTTAACGGCTGACCCTCCTAG,TCTCATTTTCGCCAAAAGTTGGCCATTACTACCACTTGCCCGATATCGGTGCCCTGTAATCTATCTGTCAGTCAACCACAGTTAGGTTCGAGCTCCCACTGTAGAGGTCCACTCCCCTCGTCACTATACCAAGTTGTCAGTGAATCCGCTAGCGTCAGTCAGGAGCTTCGGGCCTAACTAACTACTAGTCGTAGTGGACCTAGAACCTGTGCCATGACAATCCGCCGGTCTTCGTGTTCAGCACAGTCTAGCTTTCGACGTAACGTAAAGCGGTTCCTAGGAGGGTCAGCCGTTAAG,297,T1_QS2_018_BC84
AGCTTCGGGCCTAACTAACTACTAGTCGTGCAACTTTCCCACAGGTAGTTCTGACAATCCGCCGGTCTTCGTGTTCAGCACAGTCTAGCTTTCGACGTAACGTAAAGCG,BC47,47,2,CGAGAGCCAAGGATAGTAGTCGTGCCCTGTAATCTATCTGTCAGTCACTCCCTCTAGGCTTTGTCACTTCACTCCAGAGGTCCACTCCCCTCGTCACTATACCAATTGACTCCGTTGTCCCTGAGAT,2,7,007,TCTCATTTTCGCCAAAAGTTGG,CTAGGAGGGTCAGCCGTTAAG,CCAT,GTCAGTCAGG,GTTC,CTTAACGGCTGACCCTCCTAG,TCTCATTTTCGCCAAAAGTTGGCCATCGAGAGCCAAGGATAGTAGTCGTGCCCTGTAATCTATCTGTCAGTCACTCCCTCTAGGCTTTGTCACTTCACTCCAGAGGTCCACTCCCCTCGTCACTATACCAATTGACTCCGTTGTCCCTGAGATGTCAGTCAGGAGCTTCGGGCCTAACTAACTACTAGTCGTGCAACTTTCCCACAGGTAGTTCTGACAATCCGCCGGTCTTCGTGTTCAGCACAGTCTAGCTTTCGACGTAACGTAAAGCGGTTCCTAGGAGGGTCAGCCGTTAAG,297,T1_QS2_007_BC47
AGCTTCGGGCCTAACTAACTACTAGTCGTGTTACCGTGGGAATGAATCCTTTGACAATCCGCCGGTCTTCGTGTTCAGCACAGTCTAGCTTTCGACGTAACGTAAAGCG,BC07,7,2,CGAGAGCCAAGGATAGTAGTCGTGCCCTGTAATCTATCTGTCAGTCACTCCCTCTAGGCTTTGTCACTTCACTCCAGAGGTCCACTCCCCTCGTCACTATACCAATTGACTCCGTTGTCCCTGAGAT,2,7,007,TCTCATTTTCGCCAAAAGTTGG,CTAGGAGGGTCAGCCGTTAAG,CCAT,GTCAGTCAGG,GTTC,CTTAACGGCTGACCCTCCTAG,TCTCATTTTCGCCAAAAGTTGGCCATCGAGAGCCAAGGATAGTAGTCGTGCCCTGTAATCTATCTGTCAGTCACTCCCTCTAGGCTTTGTCACTTCACTCCAGAGGTCCACTCCCCTCGTCACTATACCAATTGACTCCGTTGTCCCTGAGATGTCAGTCAGGAGCTTCGGGCCTAACTAACTACTAGTCGTGTTACCGTGGGAATGAATCCTTTGACAATCCGCCGGTCTTCGTGTTCAGCACAGTCTAGCTTTCGACGTAACGTAAAGCGGTTCCTAGGAGGGTCAGCCGTTAAG,297,T1_QS2_007_BC07
AGCTTCGGGCCTAACTAACTACTAGTCGTTCCTCGTGCAGTGTCAAGAGATTGACAATCCGCCGGTCTTCGTGTTCAGCACAGTCTAGCTTTCGACGTAACGTAAAGCG,BC19,19,4,TACTACCACTTGCCCGATATCGGTGCCCTGTAATCTATCTGTCAGTCAACCACAGTTAGGTTCGAGCTCCCACTGTAGAGGTCCACTCCCCTCGTCACTATACCAAGTTGTCAGTGAATCCGCTAGC,2,18,018,TCTCATTTTCGCCAAAAGTTGG,CTAGGAGGGTCAGCCGTTAAG,CCAT,GTCAGTCAGG,GTTC,CTTAACGGCTGACCCTCCTAG,TCTCATTTTCGCCAAAAGTTGGCCATTACTACCACTTGCCCGATATCGGTGCCCTGTAATCTATCTGTCAGTCAACCACAGTTAGGTTCGAGCTCCCACTGTAGAGGTCCACTCCCCTCGTCACTATACCAAGTTGTCAGTGAATCCGCTAGCGTCAGTCAGGAGCTTCGGGCCTAACTAACTACTAGTCGTTCCTCGTGCAGTGTCAAGAGATTGACAATCCGCCGGTCTTCGTGTTCAGCACAGTCTAGCTTTCGACGTAACGTAAAGCGGTTCCTAGGAGGGTCAGCCGTTAAG,297,T1_QS2_018_BC19
AGCTTCGGGCCTAACTAACTACTAGTCGTTGAATGAGCCTACTGGGTCCTCTGACAATCCGCCGGTCTTCGTGTTCAGCACAGTCTAGCTTTCGACGTAACGTAAAGCG,BC51,51,1,GTGGTCACTTACGTACTCTTTCGGTGCCCTGTAATCTATCTGTCAGTCAAGATACCCAACTCACTCGTTGTCTCCAGGGAGGTCCACTCCCCTCGTCACTATACCAAACAAGCGTGTGCGATAAGCCA,2,4,004,TCTCATTTTCGCCAAAAGTTGG,CTAGGAGGGTCAGCCGTTAAG,CCAT,GTCAGTCAGG,GTTC,CTTAACGGCTGACCCTCCTAG,TCTCATTTTCGCCAAAAGTTGGCCATGTGGTCACTTACGTACTCTTTCGGTGCCCTGTAATCTATCTGTCAGTCAAGATACCCAACTCACTCGTTGTCTCCAGGGAGGTCCACTCCCCTCGTCACTATACCAAACAAGCGTGTGCGATAAGCCAGTCAGTCAGGAGCTTCGGGCCTAACTAACTACTAGTCGTTGAATGAGCCTACTGGGTCCTCTGACAATCCGCCGGTCTTCGTGTTCAGCACAGTCTAGCTTTCGACGTAACGTAAAGCGGTTCCTAGGAGGGTCAGCCGTTAAG,298,T1_QS2_004_BC51
AGCTTCGGGCCTAACTAACTACTAGTCGTTTCATCTATCGGAGGGAATGGATGACAATCCGCCGGTCTTCGTGTTCAGCACAGTCTAGCTTTCGACGTAACGTAAAGCG,BC11,11,1,GTGGTCACTTACGTACTCTTTCGGTGCCCTGTAATCTATCTGTCAGTCAAGATACCCAACTCACTCGTTGTCTCCAGGGAGGTCCACTCCCCTCGTCACTATACCAAACAAGCGTGTGCGATAAGCCA,2,4,004,TCTCATTTTCGCCAAAAGTTGG,CTAGGAGGGTCAGCCGTTAAG,CCAT,GTCAGTCAGG,GTTC,CTTAACGGCTGACCCTCCTAG,TCTCATTTTCGCCAAAAGTTGGCCATGTGGTCACTTACGTACTCTTTCGGTGCCCTGTAATCTATCTGTCAGTCAAGATACCCAACTCACTCGTTGTCTCCAGGGAGGTCCACTCCCCTCGTCACTATACCAAACAAGCGTGTGCGATAAGCCAGTCAGTCAGGAGCTTCGGGCCTAACTAACTACTAGTCGTTTCATCTATCGGAGGGAATGGATGACAATCCGCCGGTCTTCGTGTTCAGCACAGTCTAGCTTTCGACGTAACGTAAAGCGGTTCCTAGGAGGGTCAGCCGTTAAG,298,T1_QS2_004_BC11
AGCTTCGGGCCTAACTAACTACTAGTCGTTTGTCATACTCGTGTGCTCACCTGACAATCCGCCGGTCTTCGTGTTCAGCACAGTCTAGCTTTCGACGTAACGTAAAGCG,BC67,67,2,CGAGAGCCAAGGATAGTAGTCGTGCCCTGTAATCTATCTGTCAGTCACTCCCTCTAGGCTTTGTCACTTCACTCCAGAGGTCCACTCCCCTCGTCACTATACCAATTGACTCCGTTGTCCCTGAGAT,2,7,007,TCTCATTTTCGCCAAAAGTTGG,CTAGGAGGGTCAGCCGTTAAG,CCAT,GTCAGTCAGG,GTTC,CTTAACGGCTGACCCTCCTAG,TCTCATTTTCGCCAAAAGTTGGCCATCGAGAGCCAAGGATAGTAGTCGTGCCCTGTAATCTATCTGTCAGTCACTCCCTCTAGGCTTTGTCACTTCACTCCAGAGGTCCACTCCCCTCGTCACTATACCAATTGACTCCGTTGTCCCTGAGATGTCAGTCAGGAGCTTCGGGCCTAACTAACTACTAGTCGTTTGTCATACTCGTGTGCTCACCTGACAATCCGCCGGTCTTCGTGTTCAGCACAGTCTAGCTTTCGACGTAACGTAAAGCGGTTCCTAGGAGGGTCAGCCGTTAAG,297,T1_QS2_007_BC67
AGCTTCGGGCCTAACTAACTACTAGTCTACAAGCATCCCAACACTTCCACTTGACAATCCGCCGGTCTTCGTGTTCAGCACAGTCTAGCTTTCGACGTAACGTAAAGCG,BC74,74,4,TACTACCACTTGCCCGATATCGGTGCCCTGTAATCTATCTGTCAGTCAACCACAGTTAGGTTCGAGCTCCCACTGTAGAGGTCCACTCCCCTCGTCACTATACCAAGTTGTCAGTGAATCCGCTAGC,2,18,018,TCTCATTTTCGCCAAAAGTTGG,CTAGGAGGGTCAGCCGTTAAG,CCAT,GTCAGTCAGG,GTTC,CTTAACGGCTGACCCTCCTAG,TCTCATTTTCGCCAAAAGTTGGCCATTACTACCACTTGCCCGATATCGGTGCCCTGTAATCTATCTGTCAGTCAACCACAGTTAGGTTCGAGCTCCCACTGTAGAGGTCCACTCCCCTCGTCACTATACCAAGTTGTCAGTGAATCCGCTAGCGTCAGTCAGGAGCTTCGGGCCTAACTAACTACTAGTCTACAAGCATCCCAACACTTCCACTTGACAATCCGCCGGTCTTCGTGTTCAGCACAGTCTAGCTTTCGACGTAACGTAAAGCGGTTCCTAGGAGGGTCAGCCGTTAAG,297,T1_QS2_018_BC74
AGCTTCGGGCCTAACTAACTACTAGTCTACAGTCCGAGCCTCATGTGATCTTGACAATCCGCCGGTCTTCGTGTTCAGCACAGTCTAGCTTTCGACGTAACGTAAAGCG,BC69,69,4,TACTACCACTTGCCCGATATCGGTGCCCTGTAATCTATCTGTCAGTCAACCACAGTTAGGTTCGAGCTCCCACTGTAGAGGTCCACTCCCCTCGTCACTATACCAAGTTGTCAGTGAATCCGCTAGC,2,18,018,TCTCATTTTCGCCAAAAGTTGG,CTAGGAGGGTCAGCCGTTAAG,CCAT,GTCAGTCAGG,GTTC,CTTAACGGCTGACCCTCCTAG,TCTCATTTTCGCCAAAAGTTGGCCATTACTACCACTTGCCCGATATCGGTGCCCTGTAATCTATCTGTCAGTCAACCACAGTTAGGTTCGAGCTCCCACTGTAGAGGTCCACTCCCCTCGTCACTATACCAAGTTGTCAGTGAATCCGCTAGCGTCAGTCAGGAGCTTCGGGCCTAACTAACTACTAGTCTACAGTCCGAGCCTCATGTGATCTTGACAATCCGCCGGTCTTCGTGTTCAGCACAGTCTAGCTTTCGACGTAACGTAAAGCGGTTCCTAGGAGGGTCAGCCGTTAAG,297,T1_QS2_018_BC69
AGCTTCGGGCCTAACTAACTACTAGTCTACATGCTCCTGTTGTTAGGGAGGTGACAATCCGCCGGTCTTCGTGTTCAGCACAGTCTAGCTTTCGACGTAACGTAAAGCG,BC87,87,2,CGAGAGCCAAGGATAGTAGTCGTGCCCTGTAATCTATCTGTCAGTCACTCCCTCTAGGCTTTGTCACTTCACTCCAGAGGTCCACTCCCCTCGTCACTATACCAATTGACTCCGTTGTCCCTGAGAT,2,7,007,TCTCATTTTCGCCAAAAGTTGG,CTAGGAGGGTCAGCCGTTAAG,CCAT,GTCAGTCAGG,GTTC,CTTAACGGCTGACCCTCCTAG,TCTCATTTTCGCCAAAAGTTGGCCATCGAGAGCCAAGGATAGTAGTCGTGCCCTGTAATCTATCTGTCAGTCACTCCCTCTAGGCTTTGTCACTTCACTCCAGAGGTCCACTCCCCTCGTCACTATACCAATTGACTCCGTTGTCCCTGAGATGTCAGTCAGGAGCTTCGGGCCTAACTAACTACTAGTCTACATGCTCCTGTTGTTAGGGAGGTGACAATCCGCCGGTCTTCGTGTTCAGCACAGTCTAGCTTTCGACGTAACGTAAAGCGGTTCCTAGGAGGGTCAGCCGTTAAG,297,T1_QS2_007_BC87
AGCTTCGGGCCTAACTAACTACTAGTCTAGCTGACTGTCTTCCATACCGACTGACAATCCGCCGGTCTTCGTGTTCAGCACAGTCTAGCTTTCGACGTAACGTAAAGCG,BC72,72,2,CGAGAGCCAAGGATAGTAGTCGTGCCCTGTAATCTATCTGTCAGTCACTCCCTCTAGGCTTTGTCACTTCACTCCAGAGGTCCACTCCCCTCGTCACTATACCAATTGACTCCGTTGTCCCTGAGAT,2,7,007,TCTCATTTTCGCCAAAAGTTGG,CTAGGAGGGTCAGCCGTTAAG,CCAT,GTCAGTCAGG,GTTC,CTTAACGGCTGACCCTCCTAG,TCTCATTTTCGCCAAAAGTTGGCCATCGAGAGCCAAGGATAGTAGTCGTGCCCTGTAATCTATCTGTCAGTCACTCCCTCTAGGCTTTGTCACTTCACTCCAGAGGTCCACTCCCCTCGTCACTATACCAATTGACTCCGTTGTCCCTGAGATGTCAGTCAGGAGCTTCGGGCCTAACTAACTACTAGTCTAGCTGACTGTCTTCCATACCGACTGACAATCCGCCGGTCTTCGTGTTCAGCACAGTCTAGCTTTCGACGTAACGTAAAGCGGTTCCTAGGAGGGTCAGCCGTTAAG,297,T1_QS2_007_BC72
AGCTTCGGGCCTAACTAACTACTAGTCTAGTTTGGATGACCAAGGATAGCCTGACAATCCGCCGGTCTTCGTGTTCAGCACAGTCTAGCTTTCGACGTAACGTAAAGCG,BC40,40,5,TCTCTGATACACCGTCACTTCCAGTGCCCTGTAATCTATCTGTCAGTCACTCAGCACACAACCCCGGATATCAGTCACAAGGTCCACTCCCCTCGTCACTATACCAAAAAGCGAACCAGGGATTACTGTG,2,19,019,TCTCATTTTCGCCAAAAGTTGG,CTAGGAGGGTCAGCCGTTAAG,CCAT,GTCAGTCAGG,GTTC,CTTAACGGCTGACCCTCCTAG,TCTCATTTTCGCCAAAAGTTGGCCATTCTCTGATACACCGTCACTTCCAGTGCCCTGTAATCTATCTGTCAGTCACTCAGCACACAACCCCGGATATCAGTCACAAGGTCCACTCCCCTCGTCACTATACCAAAAAGCGAACCAGGGATTACTGTGGTCAGTCAGGAGCTTCGGGCCTAACTAACTACTAGTCTAGTTTGGATGACCAAGGATAGCCTGACAATCCGCCGGTCTTCGTGTTCAGCACAGTCTAGCTTTCGACGTAACGTAAAGCGGTTCCTAGGAGGGTCAGCCGTTAAG,300,T1_QS2_019_BC40
AGCTTCGGGCCTAACTAACTACTAGTCTCAATCAAGAAGGGAAAGCAAGGTTGACAATCCGCCGGTCTTCGTGTTCAGCACAGTCTAGCTTTCGACGTAACGTAAAGCG,BC59,59,4,TACTACCACTTGCCCGATATCGGTGCCCTGTAATCTATCTGTCAGTCAACCACAGTTAGGTTCGAGCTCCCACTGTAGAGGTCCACTCCCCTCGTCACTATACCAAGTTGTCAGTGAATCCGCTAGC,2,18,018,TCTCATTTTCGCCAAAAGTTGG,CTAGGAGGGTCAGCCGTTAAG,CCAT,GTCAGTCAGG,GTTC,CTTAACGGCTGACCCTCCTAG,TCTCATTTTCGCCAAAAGTTGGCCATTACTACCACTTGCCCGATATCGGTGCCCTGTAATCTATCTGTCAGTCAACCACAGTTAGGTTCGAGCTCCCACTGTAGAGGTCCACTCCCCTCGTCACTATACCAAGTTGTCAGTGAATCCGCTAGCGTCAGTCAGGAGCTTCGGGCCTAACTAACTACTAGTCTCAATCAAGAAGGGAAAGCAAGGTTGACAATCCGCCGGTCTTCGTGTTCAGCACAGTCTAGCTTTCGACGTAACGTAAAGCGGTTCCTAGGAGGGTCAGCCGTTAAG,297,T1_QS2_018_BC59
AGCTTCGGGCCTAACTAACTACTAGTCTCACTACTCAACAGGTGGCATGAATGACAATCCGCCGGTCTTCGTGTTCAGCACAGTCTAGCTTTCGACGTAACGTAAAGCG,BC56,56,1,GTGGTCACTTACGTACTCTTTCGGTGCCCTGTAATCTATCTGTCAGTCAAGATACCCAACTCACTCGTTGTCTCCAGGGAGGTCCACTCCCCTCGTCACTATACCAAACAAGCGTGTGCGATAAGCCA,2,4,004,TCTCATTTTCGCCAAAAGTTGG,CTAGGAGGGTCAGCCGTTAAG,CCAT,GTCAGTCAGG,GTTC,CTTAACGGCTGACCCTCCTAG,TCTCATTTTCGCCAAAAGTTGGCCATGTGGTCACTTACGTACTCTTTCGGTGCCCTGTAATCTATCTGTCAGTCAAGATACCCAACTCACTCGTTGTCTCCAGGGAGGTCCACTCCCCTCGTCACTATACCAAACAAGCGTGTGCGATAAGCCAGTCAGTCAGGAGCTTCGGGCCTAACTAACTACTAGTCTCACTACTCAACAGGTGGCATGAATGACAATCCGCCGGTCTTCGTGTTCAGCACAGTCTAGCTTTCGACGTAACGTAAAGCGGTTCCTAGGAGGGTCAGCCGTTAAG,298,T1_QS2_004_BC56
AGCTTCGGGCCTAACTAACTACTAGTCTCAGTGAGGATCTACTTCGACCCATGACAATCCGCCGGTCTTCGTGTTCAGCACAGTCTAGCTTTCGACGTAACGTAAAGCG,BC30,30,5,TCTCTGATACACCGTCACTTCCAGTGCCCTGTAATCTATCTGTCAGTCACTCAGCACACAACCCCGGATATCAGTCACAAGGTCCACTCCCCTCGTCACTATACCAAAAAGCGAACCAGGGATTACTGTG,2,19,019,TCTCATTTTCGCCAAAAGTTGG,CTAGGAGGGTCAGCCGTTAAG,CCAT,GTCAGTCAGG,GTTC,CTTAACGGCTGACCCTCCTAG,TCTCATTTTCGCCAAAAGTTGGCCATTCTCTGATACACCGTCACTTCCAGTGCCCTGTAATCTATCTGTCAGTCACTCAGCACACAACCCCGGATATCAGTCACAAGGTCCACTCCCCTCGTCACTATACCAAAAAGCGAACCAGGGATTACTGTGGTCAGTCAGGAGCTTCGGGCCTAACTAACTACTAGTCTCAGTGAGGATCTACTTCGACCCATGACAATCCGCCGGTCTTCGTGTTCAGCACAGTCTAGCTTTCGACGTAACGTAAAGCGGTTCCTAGGAGGGTCAGCCGTTAAG,300,T1_QS2_019_BC30
AGCTTCGGGCCTAACTAACTACTAGTCTCGATTCCGTTTGTAGTCGTCTGTTGACAATCCGCCGGTCTTCGTGTTCAGCACAGTCTAGCTTTCGACGTAACGTAAAGCG,BC02,2,2,CGAGAGCCAAGGATAGTAGTCGTGCCCTGTAATCTATCTGTCAGTCACTCCCTCTAGGCTTTGTCACTTCACTCCAGAGGTCCACTCCCCTCGTCACTATACCAATTGACTCCGTTGTCCCTGAGAT,2,7,007,TCTCATTTTCGCCAAAAGTTGG,CTAGGAGGGTCAGCCGTTAAG,CCAT,GTCAGTCAGG,GTTC,CTTAACGGCTGACCCTCCTAG,TCTCATTTTCGCCAAAAGTTGGCCATCGAGAGCCAAGGATAGTAGTCGTGCCCTGTAATCTATCTGTCAGTCACTCCCTCTAGGCTTTGTCACTTCACTCCAGAGGTCCACTCCCCTCGTCACTATACCAATTGACTCCGTTGTCCCTGAGATGTCAGTCAGGAGCTTCGGGCCTAACTAACTACTAGTCTCGATTCCGTTTGTAGTCGTCTGTTGACAATCCGCCGGTCTTCGTGTTCAGCACAGTCTAGCTTTCGACGTAACGTAAAGCGGTTCCTAGGAGGGTCAGCCGTTAAG,297,T1_QS2_007_BC02
AGCTTCGGGCCTAACTAACTACTAGTCTCTCGGAGATAGTTCTCACTGCTGTGACAATCCGCCGGTCTTCGTGTTCAGCACAGTCTAGCTTTCGACGTAACGTAAAGCG,BC79,79,4,TACTACCACTTGCCCGATATCGGTGCCCTGTAATCTATCTGTCAGTCAACCACAGTTAGGTTCGAGCTCCCACTGTAGAGGTCCACTCCCCTCGTCACTATACCAAGTTGTCAGTGAATCCGCTAGC,2,18,018,TCTCATTTTCGCCAAAAGTTGG,CTAGGAGGGTCAGCCGTTAAG,CCAT,GTCAGTCAGG,GTTC,CTTAACGGCTGACCCTCCTAG,TCTCATTTTCGCCAAAAGTTGGCCATTACTACCACTTGCCCGATATCGGTGCCCTGTAATCTATCTGTCAGTCAACCACAGTTAGGTTCGAGCTCCCACTGTAGAGGTCCACTCCCCTCGTCACTATACCAAGTTGTCAGTGAATCCGCTAGCGTCAGTCAGGAGCTTCGGGCCTAACTAACTACTAGTCTCTCGGAGATAGTTCTCACTGCTGTGACAATCCGCCGGTCTTCGTGTTCAGCACAGTCTAGCTTTCGACGTAACGTAAAGCGGTTCCTAGGAGGGTCAGCCGTTAAG,297,T1_QS2_018_BC79
AGCTTCGGGCCTAACTAACTACTAGTCTCTTCTACTACCGATCCGAAGCAGTGACAATCCGCCGGTCTTCGTGTTCAGCACAGTCTAGCTTTCGACGTAACGTAAAGCG,BC88,88,3,GCAGTGCTTTGACCGTGAGTAGTGCCCTGTAATCTATCTGTCAGTCAAAACCCGAGAGTCCCCTAGTAGGTTCGAACAGGTCCACTCCCCTCGTCACTATACCAACTTGTTTCGTGCAGAGAGACC,2,10,010,TCTCATTTTCGCCAAAAGTTGG,CTAGGAGGGTCAGCCGTTAAG,CCAT,GTCAGTCAGG,GTTC,CTTAACGGCTGACCCTCCTAG,TCTCATTTTCGCCAAAAGTTGGCCATGCAGTGCTTTGACCGTGAGTAGTGCCCTGTAATCTATCTGTCAGTCAAAACCCGAGAGTCCCCTAGTAGGTTCGAACAGGTCCACTCCCCTCGTCACTATACCAACTTGTTTCGTGCAGAGAGACCGTCAGTCAGGAGCTTCGGGCCTAACTAACTACTAGTCTCTTCTACTACCGATCCGAAGCAGTGACAATCCGCCGGTCTTCGTGTTCAGCACAGTCTAGCTTTCGACGTAACGTAAAGCGGTTCCTAGGAGGGTCAGCCGTTAAG,296,T1_QS2_010_BC88
AGCTTCGGGCCTAACTAACTACTAGTCTGAAACCTAAGAAGGCACCGTATCTGACAATCCGCCGGTCTTCGTGTTCAGCACAGTCTAGCTTTCGACGTAACGTAAAGCG,BC28,28,3,GCAGTGCTTTGACCGTGAGTAGTGCCCTGTAATCTATCTGTCAGTCAAAACCCGAGAGTCCCCTAGTAGGTTCGAACAGGTCCACTCCCCTCGTCACTATACCAACTTGTTTCGTGCAGAGAGACC,2,10,010,TCTCATTTTCGCCAAAAGTTGG,CTAGGAGGGTCAGCCGTTAAG,CCAT,GTCAGTCAGG,GTTC,CTTAACGGCTGACCCTCCTAG,TCTCATTTTCGCCAAAAGTTGGCCATGCAGTGCTTTGACCGTGAGTAGTGCCCTGTAATCTATCTGTCAGTCAAAACCCGAGAGTCCCCTAGTAGGTTCGAACAGGTCCACTCCCCTCGTCACTATACCAACTTGTTTCGTGCAGAGAGACCGTCAGTCAGGAGCTTCGGGCCTAACTAACTACTAGTCTGAAACCTAAGAAGGCACCGTATCTGACAATCCGCCGGTCTTCGTGTTCAGCACAGTCTAGCTTTCGACGTAACGTAAAGCGGTTCCTAGGAGGGTCAGCCGTTAAG,296,T1_QS2_010_BC28
AGCTTCGGGCCTAACTAACTACTAGTCTGAGAGACAAGATTGTTCGTGGACTGACAATCCGCCGGTCTTCGTGTTCAGCACAGTCTAGCTTTCGACGTAACGTAAAGCG,BC52,52,2,CGAGAGCCAAGGATAGTAGTCGTGCCCTGTAATCTATCTGTCAGTCACTCCCTCTAGGCTTTGTCACTTCACTCCAGAGGTCCACTCCCCTCGTCACTATACCAATTGACTCCGTTGTCCCTGAGAT,2,7,007,TCTCATTTTCGCCAAAAGTTGG,CTAGGAGGGTCAGCCGTTAAG,CCAT,GTCAGTCAGG,GTTC,CTTAACGGCTGACCCTCCTAG,TCTCATTTTCGCCAAAAGTTGGCCATCGAGAGCCAAGGATAGTAGTCGTGCCCTGTAATCTATCTGTCAGTCACTCCCTCTAGGCTTTGTCACTTCACTCCAGAGGTCCACTCCCCTCGTCACTATACCAATTGACTCCGTTGTCCCTGAGATGTCAGTCAGGAGCTTCGGGCCTAACTAACTACTAGTCTGAGAGACAAGATTGTTCGTGGACTGACAATCCGCCGGTCTTCGTGTTCAGCACAGTCTAGCTTTCGACGTAACGTAAAGCGGTTCCTAGGAGGGTCAGCCGTTAAG,297,T1_QS2_007_BC52
AGCTTCGGGCCTAACTAACTACTAGTCTGCGTACAGCAATCAGTTACATTGTGACAATCCGCCGGTCTTCGTGTTCAGCACAGTCTAGCTTTCGACGTAACGTAAAGCG,BC31,31,1,GTGGTCACTTACGTACTCTTTCGGTGCCCTGTAATCTATCTGTCAGTCAAGATACCCAACTCACTCGTTGTCTCCAGGGAGGTCCACTCCCCTCGTCACTATACCAAACAAGCGTGTGCGATAAGCCA,2,4,004,TCTCATTTTCGCCAAAAGTTGG,CTAGGAGGGTCAGCCGTTAAG,CCAT,GTCAGTCAGG,GTTC,CTTAACGGCTGACCCTCCTAG,TCTCATTTTCGCCAAAAGTTGGCCATGTGGTCACTTACGTACTCTTTCGGTGCCCTGTAATCTATCTGTCAGTCAAGATACCCAACTCACTCGTTGTCTCCAGGGAGGTCCACTCCCCTCGTCACTATACCAAACAAGCGTGTGCGATAAGCCAGTCAGTCAGGAGCTTCGGGCCTAACTAACTACTAGTCTGCGTACAGCAATCAGTTACATTGTGACAATCCGCCGGTCTTCGTGTTCAGCACAGTCTAGCTTTCGACGTAACGTAAAGCGGTTCCTAGGAGGGTCAGCCGTTAAG,298,T1_QS2_004_BC31
AGCTTCGGGCCTAACTAACTACTAGTCTGGAAGATGAGACCCTGATCTACGTGACAATCCGCCGGTCTTCGTGTTCAGCACAGTCTAGCTTTCGACGTAACGTAAAGCG,BC55,55,5,TCTCTGATACACCGTCACTTCCAGTGCCCTGTAATCTATCTGTCAGTCACTCAGCACACAACCCCGGATATCAGTCACAAGGTCCACTCCCCTCGTCACTATACCAAAAAGCGAACCAGGGATTACTGTG,2,19,019,TCTCATTTTCGCCAAAAGTTGG,CTAGGAGGGTCAGCCGTTAAG,CCAT,GTCAGTCAGG,GTTC,CTTAACGGCTGACCCTCCTAG,TCTCATTTTCGCCAAAAGTTGGCCATTCTCTGATACACCGTCACTTCCAGTGCCCTGTAATCTATCTGTCAGTCACTCAGCACACAACCCCGGATATCAGTCACAAGGTCCACTCCCCTCGTCACTATACCAAAAAGCGAACCAGGGATTACTGTGGTCAGTCAGGAGCTTCGGGCCTAACTAACTACTAGTCTGGAAGATGAGACCCTGATCTACGTGACAATCCGCCGGTCTTCGTGTTCAGCACAGTCTAGCTTTCGACGTAACGTAAAGCGGTTCCTAGGAGGGTCAGCCGTTAAG,300,T1_QS2_019_BC55
AGCTTCGGGCCTAACTAACTACTAGTCTGGCTTGATCTAGGTAAGGTCGAATGACAATCCGCCGGTCTTCGTGTTCAGCACAGTCTAGCTTTCGACGTAACGTAAAGCG,BC83,83,3,GCAGTGCTTTGACCGTGAGTAGTGCCCTGTAATCTATCTGTCAGTCAAAACCCGAGAGTCCCCTAGTAGGTTCGAACAGGTCCACTCCCCTCGTCACTATACCAACTTGTTTCGTGCAGAGAGACC,2,10,010,TCTCATTTTCGCCAAAAGTTGG,CTAGGAGGGTCAGCCGTTAAG,CCAT,GTCAGTCAGG,GTTC,CTTAACGGCTGACCCTCCTAG,TCTCATTTTCGCCAAAAGTTGGCCATGCAGTGCTTTGACCGTGAGTAGTGCCCTGTAATCTATCTGTCAGTCAAAACCCGAGAGTCCCCTAGTAGGTTCGAACAGGTCCACTCCCCTCGTCACTATACCAACTTGTTTCGTGCAGAGAGACCGTCAGTCAGGAGCTTCGGGCCTAACTAACTACTAGTCTGGCTTGATCTAGGTAAGGTCGAATGACAATCCGCCGGTCTTCGTGTTCAGCACAGTCTAGCTTTCGACGTAACGTAAAGCGGTTCCTAGGAGGGTCAGCCGTTAAG,296,T1_QS2_010_BC83
AGCTTCGGGCCTAACTAACTACTAGTCTTCAGGGAACAAACCAAGTTACGTTGACAATCCGCCGGTCTTCGTGTTCAGCACAGTCTAGCTTTCGACGTAACGTAAAGCG,BC08,8,3,GCAGTGCTTTGACCGTGAGTAGTGCCCTGTAATCTATCTGTCAGTCAAAACCCGAGAGTCCCCTAGTAGGTTCGAACAGGTCCACTCCCCTCGTCACTATACCAACTTGTTTCGTGCAGAGAGACC,2,10,010,TCTCATTTTCGCCAAAAGTTGG,CTAGGAGGGTCAGCCGTTAAG,CCAT,GTCAGTCAGG,GTTC,CTTAACGGCTGACCCTCCTAG,TCTCATTTTCGCCAAAAGTTGGCCATGCAGTGCTTTGACCGTGAGTAGTGCCCTGTAATCTATCTGTCAGTCAAAACCCGAGAGTCCCCTAGTAGGTTCGAACAGGTCCACTCCCCTCGTCACTATACCAACTTGTTTCGTGCAGAGAGACCGTCAGTCAGGAGCTTCGGGCCTAACTAACTACTAGTCTTCAGGGAACAAACCAAGTTACGTTGACAATCCGCCGGTCTTCGTGTTCAGCACAGTCTAGCTTTCGACGTAACGTAAAGCGGTTCCTAGGAGGGTCAGCCGTTAAG,296,T1_QS2_010_BC08
AGCTTCGGGCCTAACTAACTACTAGTCTTCGGATTCTATCGTGTTTCCCTATGACAATCCGCCGGTCTTCGTGTTCAGCACAGTCTAGCTTTCGACGTAACGTAAAGCG,BC04,4,4,TACTACCACTTGCCCGATATCGGTGCCCTGTAATCTATCTGTCAGTCAACCACAGTTAGGTTCGAGCTCCCACTGTAGAGGTCCACTCCCCTCGTCACTATACCAAGTTGTCAGTGAATCCGCTAGC,2,18,018,TCTCATTTTCGCCAAAAGTTGG,CTAGGAGGGTCAGCCGTTAAG,CCAT,GTCAGTCAGG,GTTC,CTTAACGGCTGACCCTCCTAG,TCTCATTTTCGCCAAAAGTTGGCCATTACTACCACTTGCCCGATATCGGTGCCCTGTAATCTATCTGTCAGTCAACCACAGTTAGGTTCGAGCTCCCACTGTAGAGGTCCACTCCCCTCGTCACTATACCAAGTTGTCAGTGAATCCGCTAGCGTCAGTCAGGAGCTTCGGGCCTAACTAACTACTAGTCTTCGGATTCTATCGTGTTTCCCTATGACAATCCGCCGGTCTTCGTGTTCAGCACAGTCTAGCTTTCGACGTAACGTAAAGCGGTTCCTAGGAGGGTCAGCCGTTAAG,297,T1_QS2_018_BC04
AGCTTCGGGCCTAACTAACTACTAGTCTTCTCAGTCTTCCTCCAGACAAGGTGACAATCCGCCGGTCTTCGTGTTCAGCACAGTCTAGCTTTCGACGTAACGTAAAGCG,BC65,65,5,TCTCTGATACACCGTCACTTCCAGTGCCCTGTAATCTATCTGTCAGTCACTCAGCACACAACCCCGGATATCAGTCACAAGGTCCACTCCCCTCGTCACTATACCAAAAAGCGAACCAGGGATTACTGTG,2,19,019,TCTCATTTTCGCCAAAAGTTGG,CTAGGAGGGTCAGCCGTTAAG,CCAT,GTCAGTCAGG,GTTC,CTTAACGGCTGACCCTCCTAG,TCTCATTTTCGCCAAAAGTTGGCCATTCTCTGATACACCGTCACTTCCAGTGCCCTGTAATCTATCTGTCAGTCACTCAGCACACAACCCCGGATATCAGTCACAAGGTCCACTCCCCTCGTCACTATACCAAAAAGCGAACCAGGGATTACTGTGGTCAGTCAGGAGCTTCGGGCCTAACTAACTACTAGTCTTCTCAGTCTTCCTCCAGACAAGGTGACAATCCGCCGGTCTTCGTGTTCAGCACAGTCTAGCTTTCGACGTAACGTAAAGCGGTTCCTAGGAGGGTCAGCCGTTAAG,300,T1_QS2_019_BC65
AGCTTCGGGCCTAACTAACTACTAGTCTTCTCGCAAAGGCAGAAAGTAGTCTGACAATCCGCCGGTCTTCGTGTTCAGCACAGTCTAGCTTTCGACGTAACGTAAAGCG,BC06,6,1,GTGGTCACTTACGTACTCTTTCGGTGCCCTGTAATCTATCTGTCAGTCAAGATACCCAACTCACTCGTTGTCTCCAGGGAGGTCCACTCCCCTCGTCACTATACCAAACAAGCGTGTGCGATAAGCCA,2,4,004,TCTCATTTTCGCCAAAAGTTGG,CTAGGAGGGTCAGCCGTTAAG,CCAT,GTCAGTCAGG,GTTC,CTTAACGGCTGACCCTCCTAG,TCTCATTTTCGCCAAAAGTTGGCCATGTGGTCACTTACGTACTCTTTCGGTGCCCTGTAATCTATCTGTCAGTCAAGATACCCAACTCACTCGTTGTCTCCAGGGAGGTCCACTCCCCTCGTCACTATACCAAACAAGCGTGTGCGATAAGCCAGTCAGTCAGGAGCTTCGGGCCTAACTAACTACTAGTCTTCTCGCAAAGGCAGAAAGTAGTCTGACAATCCGCCGGTCTTCGTGTTCAGCACAGTCTAGCTTTCGACGTAACGTAAAGCGGTTCCTAGGAGGGTCAGCCGTTAAG,298,T1_QS2_004_BC06
AGCTTCGGGCCTAACTAACTACTAGTCTTCTGAAGTTCCTGGGTCTTGAACTGACAATCCGCCGGTCTTCGTGTTCAGCACAGTCTAGCTTTCGACGTAACGTAAAGCG,BC63,63,3,GCAGTGCTTTGACCGTGAGTAGTGCCCTGTAATCTATCTGTCAGTCAAAACCCGAGAGTCCCCTAGTAGGTTCGAACAGGTCCACTCCCCTCGTCACTATACCAACTTGTTTCGTGCAGAGAGACC,2,10,010,TCTCATTTTCGCCAAAAGTTGG,CTAGGAGGGTCAGCCGTTAAG,CCAT,GTCAGTCAGG,GTTC,CTTAACGGCTGACCCTCCTAG,TCTCATTTTCGCCAAAAGTTGGCCATGCAGTGCTTTGACCGTGAGTAGTGCCCTGTAATCTATCTGTCAGTCAAAACCCGAGAGTCCCCTAGTAGGTTCGAACAGGTCCACTCCCCTCGTCACTATACCAACTTGTTTCGTGCAGAGAGACCGTCAGTCAGGAGCTTCGGGCCTAACTAACTACTAGTCTTCTGAAGTTCCTGGGTCTTGAACTGACAATCCGCCGGTCTTCGTGTTCAGCACAGTCTAGCTTTCGACGTAACGTAAAGCGGTTCCTAGGAGGGTCAGCCGTTAAG,296,T1_QS2_010_BC63
AGCTTCGGGCCTAACTAACTACTAGTCTTGCGTCCTGTTACGAGAACTCATTGACAATCCGCCGGTCTTCGTGTTCAGCACAGTCTAGCTTTCGACGTAACGTAAAGCG,BC20,20,5,TCTCTGATACACCGTCACTTCCAGTGCCCTGTAATCTATCTGTCAGTCACTCAGCACACAACCCCGGATATCAGTCACAAGGTCCACTCCCCTCGTCACTATACCAAAAAGCGAACCAGGGATTACTGTG,2,19,019,TCTCATTTTCGCCAAAAGTTGG,CTAGGAGGGTCAGCCGTTAAG,CCAT,GTCAGTCAGG,GTTC,CTTAACGGCTGACCCTCCTAG,TCTCATTTTCGCCAAAAGTTGGCCATTCTCTGATACACCGTCACTTCCAGTGCCCTGTAATCTATCTGTCAGTCACTCAGCACACAACCCCGGATATCAGTCACAAGGTCCACTCCCCTCGTCACTATACCAAAAAGCGAACCAGGGATTACTGTGGTCAGTCAGGAGCTTCGGGCCTAACTAACTACTAGTCTTGCGTCCTGTTACGAGAACTCATTGACAATCCGCCGGTCTTCGTGTTCAGCACAGTCTAGCTTTCGACGTAACGTAAAGCGGTTCCTAGGAGGGTCAGCCGTTAAG,300,T1_QS2_019_BC20
AGCTTCGGGCCTAACTAACTACTAGTCTTGTGAGTGGAAAGATACAGGACCTGACAATCCGCCGGTCTTCGTGTTCAGCACAGTCTAGCTTTCGACGTAACGTAAAGCG,BC92,92,2,CGAGAGCCAAGGATAGTAGTCGTGCCCTGTAATCTATCTGTCAGTCACTCCCTCTAGGCTTTGTCACTTCACTCCAGAGGTCCACTCCCCTCGTCACTATACCAATTGACTCCGTTGTCCCTGAGAT,2,7,007,TCTCATTTTCGCCAAAAGTTGG,CTAGGAGGGTCAGCCGTTAAG,CCAT,GTCAGTCAGG,GTTC,CTTAACGGCTGACCCTCCTAG,TCTCATTTTCGCCAAAAGTTGGCCATCGAGAGCCAAGGATAGTAGTCGTGCCCTGTAATCTATCTGTCAGTCACTCCCTCTAGGCTTTGTCACTTCACTCCAGAGGTCCACTCCCCTCGTCACTATACCAATTGACTCCGTTGTCCCTGAGATGTCAGTCAGGAGCTTCGGGCCTAACTAACTACTAGTCTTGTGAGTGGAAAGATACAGGACCTGACAATCCGCCGGTCTTCGTGTTCAGCACAGTCTAGCTTTCGACGTAACGTAAAGCGGTTCCTAGGAGGGTCAGCCGTTAAG,297,T1_QS2_007_BC92
