index_barcode,qpcr_barcode_id,seq_barcode_id,n,total,frac,name,eblock_sequence
032,QS2_004,BC26,282,282,1,T1_QS2_004_BC26,TCTCATTTTCGCCAAAAGTTGGCCATGTCAGTGGTCACTTACGTACTCTTTCGGTGCCCTGTAATCTATCTGTCAGTCAAGATACCCAACTCACTCGTTGTCTCCAGGGAGGTCCACTCCCCTCGTCACTATACCAAACAAGCGTGTGCGATAAGCCAGTCAGTCAGGAGCTTCGGGCCTAACTAACTACTAGTCCATACAGCGACTACGCATTCTCATTGACAATCCGCCGGTCTTCGTGTTCAGCACAGTCTAGCTTTCGACGTAACGTAAAGCGGTTCCTAGGAGGGTCAGCCGTTAAG
001,QS2_004,BC46,244,244,1,T1_QS2_004_BC46,TCTCATTTTCGCCAAAAGTTGGCCATGTCAGTGGTCACTTACGTACTCTTTCGGTGCCCTGTAATCTATCTGTCAGTCAAGATACCCAACTCACTCGTTGTCTCCAGGGAGGTCCACTCCCCTCGTCACTATACCAAACAAGCGTGTGCGATAAGCCAGTCAGTCAGGAGCTTCGGGCCTAACTAACTACTAGTCGCTGTGTTCCACTTCATTCTCCTGTGACAATCCGCCGGTCTTCGTGTTCAGCACAGTCTAGCTTTCGACGTAACGTAAAGCGGTTCCTAGGAGGGTCAGCCGTTAAG
047,QS2_004,BC46,213,213,1,T1_QS2_004_BC46,TCTCATTTTCGCCAAAAGTTGGCCATGTCAGTGGTCACTTACGTACTCTTTCGGTGCCCTGTAATCTATCTGTCAGTCAAGATACCCAACTCACTCGTTGTCTCCAGGGAGGTCCACTCCCCTCGTCACTATACCAAACAAGCGTGTGCGATAAGCCAGTCAGTCAGGAGCTTCGGGCCTAACTAACTACTAGTCGCTGTGTTCCACTTCATTCTCCTGTGACAATCCGCCGGTCTTCGTGTTCAGCACAGTCTAGCTTTCGACGTAACGTAAAGCGGTTCCTAGGAGGGTCAGCCGTTAAG
016,QS2_004,BC66,247,247,1,T1_QS2_004_BC66,TCTCATTTTCGCCAAAAGTTGGCCATGTCAGTGGTCACTTACGTACTCTTTCGGTGCCCTGTAATCTATCTGTCAGTCAAGATACCCAACTCACTCGTTGTCTCCAGGGAGGTCCACTCCCCTCGTCACTATACCAAACAAGCGTGTGCGATAAGCCAGTCAGTCAGGAGCTTCGGGCCTAACTAACTACTAGTCCCGATCCTTGTGGCTTCTAACTTCTGACAATCCGCCGGTCTTCGTGTTCAGCACAGTCTAGCTTTCGACGTAACGTAAAGCGGTTCCTAGGAGGGTCAGCCGTTAAG
066,QS2_004,BC81,218,218,1,T1_QS2_004_BC81,TCTCATTTTCGCCAAAAGTTGGCCATGTCAGTGGTCACTTACGTACTCTTTCGGTGCCCTGTAATCTATCTGTCAGTCAAGATACCCAACTCACTCGTTGTCTCCAGGGAGGTCCACTCCCCTCGTCACTATACCAAACAAGCGTGTGCGATAAGCCAGTCAGTCAGGAGCTTCGGGCCTAACTAACTACTAGTCCCTCATCTTGTGAAGTTGTTTCGGTGACAATCCGCCGGTCTTCGTGTTCAGCACAGTCTAGCTTTCGACGTAACGTAAAGCGGTTCCTAGGAGGGTCAGCCGTTAAG
073,QS2_007,BC12,146,146,1,T1_QS2_007_BC12,TCTCATTTTCGCCAAAAGTTGGCCATGTCACGAGAGCCAAGGATAGTAGTCGTGCCCTGTAATCTATCTGTCAGTCACTCCCTCTAGGCTTTGTCACTTCACTCCAGAGGTCCACTCCCCTCGTCACTATACCAATTGACTCCGTTGTCCCTGAGATGTCAGTCAGGAGCTTCGGGCCTAACTAACTACTAGTCCAGGTAGAAAGAAGCAGAATCGGATGACAATCCGCCGGTCTTCGTGTTCAGCACAGTCTAGCTTTCGACGTAACGTAAAGCGGTTCCTAGGAGGGTCAGCCGTTAAG
022,QS2_007,BC47,149,149,1,T1_QS2_007_BC47,TCTCATTTTCGCCAAAAGTTGGCCATGTCACGAGAGCCAAGGATAGTAGTCGTGCCCTGTAATCTATCTGTCAGTCACTCCCTCTAGGCTTTGTCACTTCACTCCAGAGGTCCACTCCCCTCGTCACTATACCAATTGACTCCGTTGTCCCTGAGATGTCAGTCAGGAGCTTCGGGCCTAACTAACTACTAGTCGTGCAACTTTCCCACAGGTAGTTCTGACAATCCGCCGGTCTTCGTGTTCAGCACAGTCTAGCTTTCGACGTAACGTAAAGCGGTTCCTAGGAGGGTCAGCCGTTAAG
049,QS2_007,BC22,238,239,0.99581589958159,T1_QS2_007_BC22,TCTCATTTTCGCCAAAAGTTGGCCATGTCACGAGAGCCAAGGATAGTAGTCGTGCCCTGTAATCTATCTGTCAGTCACTCCCTCTAGGCTTTGTCACTTCACTCCAGAGGTCCACTCCCCTCGTCACTATACCAATTGACTCCGTTGTCCCTGAGATGTCAGTCAGGAGCTTCGGGCCTAACTAACTACTAGTCACCACTGCCATGTATCAAAGTACGTGACAATCCGCCGGTCTTCGTGTTCAGCACAGTCTAGCTTTCGACGTAACGTAAAGCGGTTCCTAGGAGGGTCAGCCGTTAAG
014,QS2_007,BC67,191,192,0.9947916666666666,T1_QS2_007_BC67,TCTCATTTTCGCCAAAAGTTGGCCATGTCACGAGAGCCAAGGATAGTAGTCGTGCCCTGTAATCTATCTGTCAGTCACTCCCTCTAGGCTTTGTCACTTCACTCCAGAGGTCCACTCCCCTCGTCACTATACCAATTGACTCCGTTGTCCCTGAGATGTCAGTCAGGAGCTTCGGGCCTAACTAACTACTAGTCGTTTGTCATACTCGTGTGCTCACCTGACAATCCGCCGGTCTTCGTGTTCAGCACAGTCTAGCTTTCGACGTAACGTAAAGCGGTTCCTAGGAGGGTCAGCCGTTAAG
045,QS2_007,BC27,158,159,0.9937106918238994,T1_QS2_007_BC27,TCTCATTTTCGCCAAAAGTTGGCCATGTCACGAGAGCCAAGGATAGTAGTCGTGCCCTGTAATCTATCTGTCAGTCACTCCCTCTAGGCTTTGTCACTTCACTCCAGAGGTCCACTCCCCTCGTCACTATACCAATTGACTCCGTTGTCCCTGAGATGTCAGTCAGGAGCTTCGGGCCTAACTAACTACTAGTCCGACGGTTAGATTCACCTCTTACATGACAATCCGCCGGTCTTCGTGTTCAGCACAGTCTAGCTTTCGACGTAACGTAAAGCGGTTCCTAGGAGGGTCAGCCGTTAAG
048,QS2_010,BC38,223,223,1,T1_QS2_010_BC38,TCTCATTTTCGCCAAAAGTTGGCCATGTCAGCAGTGCTTTGACCGTGAGTAGTGCCCTGTAATCTATCTGTCAGTCAAAACCCGAGAGTCCCCTAGTAGGTTCGAACAGGTCCACTCCCCTCGTCACTATACCAACTTGTTTCGTGCAGAGAGACCGTCAGTCAGGAGCTTCGGGCCTAACTAACTACTAGTCACCACAGGAGGACGATACAGAGAATGACAATCCGCCGGTCTTCGTGTTCAGCACAGTCTAGCTTTCGACGTAACGTAAAGCGGTTCCTAGGAGGGTCAGCCGTTAAG
042,QS2_010,BC53,270,270,1,T1_QS2_010_BC53,TCTCATTTTCGCCAAAAGTTGGCCATGTCAGCAGTGCTTTGACCGTGAGTAGTGCCCTGTAATCTATCTGTCAGTCAAAACCCGAGAGTCCCCTAGTAGGTTCGAACAGGTCCACTCCCCTCGTCACTATACCAACTTGTTTCGTGCAGAGAGACCGTCAGTCAGGAGCTTCGGGCCTAACTAACTACTAGTCAGATTCAGACCGTCTCATGCAAAGTGACAATCCGCCGGTCTTCGTGTTCAGCACAGTCTAGCTTTCGACGTAACGTAAAGCGGTTCCTAGGAGGGTCAGCCGTTAAG
074,QS2_010,BC53,150,150,1,T1_QS2_010_BC53,TCTCATTTTCGCCAAAAGTTGGCCATGTCAGCAGTGCTTTGACCGTGAGTAGTGCCCTGTAATCTATCTGTCAGTCAAAACCCGAGAGTCCCCTAGTAGGTTCGAACAGGTCCACTCCCCTCGTCACTATACCAACTTGTTTCGTGCAGAGAGACCGTCAGTCAGGAGCTTCGGGCCTAACTAACTACTAGTCAGATTCAGACCGTCTCATGCAAAGTGACAATCCGCCGGTCTTCGTGTTCAGCACAGTCTAGCTTTCGACGTAACGTAAAGCGGTTCCTAGGAGGGTCAGCCGTTAAG
058,QS2_010,BC78,196,196,1,T1_QS2_010_BC78,TCTCATTTTCGCCAAAAGTTGGCCATGTCAGCAGTGCTTTGACCGTGAGTAGTGCCCTGTAATCTATCTGTCAGTCAAAACCCGAGAGTCCCCTAGTAGGTTCGAACAGGTCCACTCCCCTCGTCACTATACCAACTTGTTTCGTGCAGAGAGACCGTCAGTCAGGAGCTTCGGGCCTAACTAACTACTAGTCAACAACCGAACCTTTGAATCAGAATGACAATCCGCCGGTCTTCGTGTTCAGCACAGTCTAGCTTTCGACGTAACGTAAAGCGGTTCCTAGGAGGGTCAGCCGTTAAG
082,QS2_010,BC88,156,156,1,T1_QS2_010_BC88,TCTCATTTTCGCCAAAAGTTGGCCATGTCAGCAGTGCTTTGACCGTGAGTAGTGCCCTGTAATCTATCTGTCAGTCAAAACCCGAGAGTCCCCTAGTAGGTTCGAACAGGTCCACTCCCCTCGTCACTATACCAACTTGTTTCGTGCAGAGAGACCGTCAGTCAGGAGCTTCGGGCCTAACTAACTACTAGTCTCTTCTACTACCGATCCGAAGCAGTGACAATCCGCCGGTCTTCGTGTTCAGCACAGTCTAGCTTTCGACGTAACGTAAAGCGGTTCCTAGGAGGGTCAGCCGTTAAG
043,QS2_018,BC89,273,273,1,T1_QS2_018_BC89,TCTCATTTTCGCCAAAAGTTGGCCATGTCATACTACCACTTGCCCGATATCGGTGCCCTGTAATCTATCTGTCAGTCAACCACAGTTAGGTTCGAGCTCCCACTGTAGAGGTCCACTCCCCTCGTCACTATACCAAGTTGTCAGTGAATCCGCTAGCGTCAGTCAGGAGCTTCGGGCCTAACTAACTACTAGTCACAGCATCAATGTTTGGCTAGTTGTGACAATCCGCCGGTCTTCGTGTTCAGCACAGTCTAGCTTTCGACGTAACGTAAAGCGGTTCCTAGGAGGGTCAGCCGTTAAG
052,QS2_018,BC49,219,220,0.9954545454545455,T1_QS2_018_BC49,TCTCATTTTCGCCAAAAGTTGGCCATGTCATACTACCACTTGCCCGATATCGGTGCCCTGTAATCTATCTGTCAGTCAACCACAGTTAGGTTCGAGCTCCCACTGTAGAGGTCCACTCCCCTCGTCACTATACCAAGTTGTCAGTGAATCCGCTAGCGTCAGTCAGGAGCTTCGGGCCTAACTAACTACTAGTCACTGGTGCAGCTTTGAACATCTAGTGACAATCCGCCGGTCTTCGTGTTCAGCACAGTCTAGCTTTCGACGTAACGTAAAGCGGTTCCTAGGAGGGTCAGCCGTTAAG
033,QS2_018,BC89,208,209,0.9952153110047847,T1_QS2_018_BC89,TCTCATTTTCGCCAAAAGTTGGCCATGTCATACTACCACTTGCCCGATATCGGTGCCCTGTAATCTATCTGTCAGTCAACCACAGTTAGGTTCGAGCTCCCACTGTAGAGGTCCACTCCCCTCGTCACTATACCAAGTTGTCAGTGAATCCGCTAGCGTCAGTCAGGAGCTTCGGGCCTAACTAACTACTAGTCACAGCATCAATGTTTGGCTAGTTGTGACAATCCGCCGGTCTTCGTGTTCAGCACAGTCTAGCTTTCGACGTAACGTAAAGCGGTTCCTAGGAGGGTCAGCCGTTAAG
005,QS2_018,BC04,171,172,0.9941860465116279,T1_QS2_018_BC04,TCTCATTTTCGCCAAAAGTTGGCCATGTCATACTACCACTTGCCCGATATCGGTGCCCTGTAATCTATCTGTCAGTCAACCACAGTTAGGTTCGAGCTCCCACTGTAGAGGTCCACTCCCCTCGTCACTATACCAAGTTGTCAGTGAATCCGCTAGCGTCAGTCAGGAGCTTCGGGCCTAACTAACTACTAGTCTTCGGATTCTATCGTGTTTCCCTATGACAATCCGCCGGTCTTCGTGTTCAGCACAGTCTAGCTTTCGACGTAACGTAAAGCGGTTCCTAGGAGGGTCAGCCGTTAAG
007,QS2_018,BC49,206,209,0.9856459330143541,T1_QS2_018_BC49,TCTCATTTTCGCCAAAAGTTGGCCATGTCATACTACCACTTGCCCGATATCGGTGCCCTGTAATCTATCTGTCAGTCAACCACAGTTAGGTTCGAGCTCCCACTGTAGAGGTCCACTCCCCTCGTCACTATACCAAGTTGTCAGTGAATCCGCTAGCGTCAGTCAGGAGCTTCGGGCCTAACTAACTACTAGTCACTGGTGCAGCTTTGAACATCTAGTGACAATCCGCCGGTCTTCGTGTTCAGCACAGTCTAGCTTTCGACGTAACGTAAAGCGGTTCCTAGGAGGGTCAGCCGTTAAG
085,QS2_019,BC10,158,158,1,T1_QS2_019_BC10,TCTCATTTTCGCCAAAAGTTGGCCATGTCATCTCTGATACACCGTCACTTCCAGTGCCCTGTAATCTATCTGTCAGTCACTCAGCACACAACCCCGGATATCAGTCACAAGGTCCACTCCCCTCGTCACTATACCAAAAAGCGAACCAGGGATTACTGTGGTCAGTCAGGAGCTTCGGGCCTAACTAACTACTAGTCAAGCGTTGAAACCTTTGTCCTCTCTGACAATCCGCCGGTCTTCGTGTTCAGCACAGTCTAGCTTTCGACGTAACGTAAAGCGGTTCCTAGGAGGGTCAGCCGTTAAG
064,QS2_019,BC35,175,175,1,T1_QS2_019_BC35,TCTCATTTTCGCCAAAAGTTGGCCATGTCATCTCTGATACACCGTCACTTCCAGTGCCCTGTAATCTATCTGTCAGTCACTCAGCACACAACCCCGGATATCAGTCACAAGGTCCACTCCCCTCGTCACTATACCAAAAAGCGAACCAGGGATTACTGTGGTCAGTCAGGAGCTTCGGGCCTAACTAACTACTAGTCCTACTTACGAAGCTGAGGGACTGCTGACAATCCGCCGGTCTTCGTGTTCAGCACAGTCTAGCTTTCGACGTAACGTAAAGCGGTTCCTAGGAGGGTCAGCCGTTAAG
072,QS2_019,BC35,161,161,1,T1_QS2_019_BC35,TCTCATTTTCGCCAAAAGTTGGCCATGTCATCTCTGATACACCGTCACTTCCAGTGCCCTGTAATCTATCTGTCAGTCACTCAGCACACAACCCCGGATATCAGTCACAAGGTCCACTCCCCTCGTCACTATACCAAAAAGCGAACCAGGGATTACTGTGGTCAGTCAGGAGCTTCGGGCCTAACTAACTACTAGTCCTACTTACGAAGCTGAGGGACTGCTGACAATCCGCCGGTCTTCGTGTTCAGCACAGTCTAGCTTTCGACGTAACGTAAAGCGGTTCCTAGGAGGGTCAGCCGTTAAG
013,QS2_019,BC60,239,239,1,T1_QS2_019_BC60,TCTCATTTTCGCCAAAAGTTGGCCATGTCATCTCTGATACACCGTCACTTCCAGTGCCCTGTAATCTATCTGTCAGTCACTCAGCACACAACCCCGGATATCAGTCACAAGGTCCACTCCCCTCGTCACTATACCAAAAAGCGAACCAGGGATTACTGTGGTCAGTCAGGAGCTTCGGGCCTAACTAACTACTAGTCCATGTTCAACCAAGGCTTCTATGGTGACAATCCGCCGGTCTTCGTGTTCAGCACAGTCTAGCTTTCGACGTAACGTAAAGCGGTTCCTAGGAGGGTCAGCCGTTAAG
069,QS2_019,BC70,151,151,1,T1_QS2_019_BC70,TCTCATTTTCGCCAAAAGTTGGCCATGTCATCTCTGATACACCGTCACTTCCAGTGCCCTGTAATCTATCTGTCAGTCACTCAGCACACAACCCCGGATATCAGTCACAAGGTCCACTCCCCTCGTCACTATACCAAAAAGCGAACCAGGGATTACTGTGGTCAGTCAGGAGCTTCGGGCCTAACTAACTACTAGTCACCGAGATCCTACGAATGGAGTGTTGACAATCCGCCGGTCTTCGTGTTCAGCACAGTCTAGCTTTCGACGTAACGTAAAGCGGTTCCTAGGAGGGTCAGCCGTTAAG
