index_barcode,has_miniprep,qpcr_barcode_id,seq_barcode_id,n,total,frac,name,rank,eblock_sequence
032,TRUE,QS2_004,BC26,282,282,1,T1_QS2_004_BC26,3,TCTCATTTTCGCCAAAAGTTGGCCATGTCAGTGGTCACTTACGTACTCTTTCGGTGCCCTGTAATCTATCTGTCAGTCAAGATACCCAACTCACTCGTTGTCTCCAGGGAGGTCCACTCCCCTCGTCACTATACCAAACAAGCGTGTGCGATAAGCCAGTCAGTCAGGAGCTTCGGGCCTAACTAACTACTAGTCCATACAGCGACTACGCATTCTCATTGACAATCCGCCGGTCTTCGTGTTCAGCACAGTCTAGCTTTCGACGTAACGTAAAGCGGTTCCTAGGAGGGTCAGCCGTTAAG
001,TRUE,QS2_004,BC46,244,244,1,T1_QS2_004_BC46,3,TCTCATTTTCGCCAAAAGTTGGCCATGTCAGTGGTCACTTACGTACTCTTTCGGTGCCCTGTAATCTATCTGTCAGTCAAGATACCCAACTCACTCGTTGTCTCCAGGGAGGTCCACTCCCCTCGTCACTATACCAAACAAGCGTGTGCGATAAGCCAGTCAGTCAGGAGCTTCGGGCCTAACTAACTACTAGTCGCTGTGTTCCACTTCATTCTCCTGTGACAATCCGCCGGTCTTCGTGTTCAGCACAGTCTAGCTTTCGACGTAACGTAAAGCGGTTCCTAGGAGGGTCAGCCGTTAAG
047,TRUE,QS2_004,BC46,213,213,1,T1_QS2_004_BC46,3,TCTCATTTTCGCCAAAAGTTGGCCATGTCAGTGGTCACTTACGTACTCTTTCGGTGCCCTGTAATCTATCTGTCAGTCAAGATACCCAACTCACTCGTTGTCTCCAGGGAGGTCCACTCCCCTCGTCACTATACCAAACAAGCGTGTGCGATAAGCCAGTCAGTCAGGAGCTTCGGGCCTAACTAACTACTAGTCGCTGTGTTCCACTTCATTCTCCTGTGACAATCCGCCGGTCTTCGTGTTCAGCACAGTCTAGCTTTCGACGTAACGTAAAGCGGTTCCTAGGAGGGTCAGCCGTTAAG
016,TRUE,QS2_004,BC66,247,247,1,T1_QS2_004_BC66,3,TCTCATTTTCGCCAAAAGTTGGCCATGTCAGTGGTCACTTACGTACTCTTTCGGTGCCCTGTAATCTATCTGTCAGTCAAGATACCCAACTCACTCGTTGTCTCCAGGGAGGTCCACTCCCCTCGTCACTATACCAAACAAGCGTGTGCGATAAGCCAGTCAGTCAGGAGCTTCGGGCCTAACTAACTACTAGTCCCGATCCTTGTGGCTTCTAACTTCTGACAATCCGCCGGTCTTCGTGTTCAGCACAGTCTAGCTTTCGACGTAACGTAAAGCGGTTCCTAGGAGGGTCAGCCGTTAAG
066,TRUE,QS2_004,BC81,218,218,1,T1_QS2_004_BC81,3,TCTCATTTTCGCCAAAAGTTGGCCATGTCAGTGGTCACTTACGTACTCTTTCGGTGCCCTGTAATCTATCTGTCAGTCAAGATACCCAACTCACTCGTTGTCTCCAGGGAGGTCCACTCCCCTCGTCACTATACCAAACAAGCGTGTGCGATAAGCCAGTCAGTCAGGAGCTTCGGGCCTAACTAACTACTAGTCCCTCATCTTGTGAAGTTGTTTCGGTGACAATCCGCCGGTCTTCGTGTTCAGCACAGTCTAGCTTTCGACGTAACGTAAAGCGGTTCCTAGGAGGGTCAGCCGTTAAG
012,TRUE,QS2_004,BC61,264,265,0.9962264150943396,T1_QS2_004_BC61,6,TCTCATTTTCGCCAAAAGTTGGCCATGTCAGTGGTCACTTACGTACTCTTTCGGTGCCCTGTAATCTATCTGTCAGTCAAGATACCCAACTCACTCGTTGTCTCCAGGGAGGTCCACTCCCCTCGTCACTATACCAAACAAGCGTGTGCGATAAGCCAGTCAGTCAGGAGCTTCGGGCCTAACTAACTACTAGTCAGAGGGTACTATGTGCCTCAGCACTGACAATCCGCCGGTCTTCGTGTTCAGCACAGTCTAGCTTTCGACGTAACGTAAAGCGGTTCCTAGGAGGGTCAGCCGTTAAG
030,TRUE,QS2_004,BC71,263,264,0.9962121212121212,T1_QS2_004_BC71,7,TCTCATTTTCGCCAAAAGTTGGCCATGTCAGTGGTCACTTACGTACTCTTTCGGTGCCCTGTAATCTATCTGTCAGTCAAGATACCCAACTCACTCGTTGTCTCCAGGGAGGTCCACTCCCCTCGTCACTATACCAAACAAGCGTGTGCGATAAGCCAGTCAGTCAGGAGCTTCGGGCCTAACTAACTACTAGTCCCTGGGAGCATCAGGTAGTAACAGTGACAATCCGCCGGTCTTCGTGTTCAGCACAGTCTAGCTTTCGACGTAACGTAAAGCGGTTCCTAGGAGGGTCAGCCGTTAAG
054,TRUE,QS2_004,BC56,262,263,0.9961977186311787,T1_QS2_004_BC56,8,TCTCATTTTCGCCAAAAGTTGGCCATGTCAGTGGTCACTTACGTACTCTTTCGGTGCCCTGTAATCTATCTGTCAGTCAAGATACCCAACTCACTCGTTGTCTCCAGGGAGGTCCACTCCCCTCGTCACTATACCAAACAAGCGTGTGCGATAAGCCAGTCAGTCAGGAGCTTCGGGCCTAACTAACTACTAGTCTCACTACTCAACAGGTGGCATGAATGACAATCCGCCGGTCTTCGTGTTCAGCACAGTCTAGCTTTCGACGTAACGTAAAGCGGTTCCTAGGAGGGTCAGCCGTTAAG
067,TRUE,QS2_004,BC51,256,257,0.9961089494163424,T1_QS2_004_BC51,9,TCTCATTTTCGCCAAAAGTTGGCCATGTCAGTGGTCACTTACGTACTCTTTCGGTGCCCTGTAATCTATCTGTCAGTCAAGATACCCAACTCACTCGTTGTCTCCAGGGAGGTCCACTCCCCTCGTCACTATACCAAACAAGCGTGTGCGATAAGCCAGTCAGTCAGGAGCTTCGGGCCTAACTAACTACTAGTCGTTGAATGAGCCTACTGGGTCCTCTGACAATCCGCCGGTCTTCGTGTTCAGCACAGTCTAGCTTTCGACGTAACGTAAAGCGGTTCCTAGGAGGGTCAGCCGTTAAG
039,TRUE,QS2_004,BC61,231,232,0.9956896551724138,T1_QS2_004_BC61,10,TCTCATTTTCGCCAAAAGTTGGCCATGTCAGTGGTCACTTACGTACTCTTTCGGTGCCCTGTAATCTATCTGTCAGTCAAGATACCCAACTCACTCGTTGTCTCCAGGGAGGTCCACTCCCCTCGTCACTATACCAAACAAGCGTGTGCGATAAGCCAGTCAGTCAGGAGCTTCGGGCCTAACTAACTACTAGTCAGAGGGTACTATGTGCCTCAGCACTGACAATCCGCCGGTCTTCGTGTTCAGCACAGTCTAGCTTTCGACGTAACGTAAAGCGGTTCCTAGGAGGGTCAGCCGTTAAG
041,TRUE,QS2_004,BC71,219,220,0.9954545454545455,T1_QS2_004_BC71,11,TCTCATTTTCGCCAAAAGTTGGCCATGTCAGTGGTCACTTACGTACTCTTTCGGTGCCCTGTAATCTATCTGTCAGTCAAGATACCCAACTCACTCGTTGTCTCCAGGGAGGTCCACTCCCCTCGTCACTATACCAAACAAGCGTGTGCGATAAGCCAGTCAGTCAGGAGCTTCGGGCCTAACTAACTACTAGTCCCTGGGAGCATCAGGTAGTAACAGTGACAATCCGCCGGTCTTCGTGTTCAGCACAGTCTAGCTTTCGACGTAACGTAAAGCGGTTCCTAGGAGGGTCAGCCGTTAAG
063,TRUE,QS2_004,BC71,206,207,0.9951690821256038,T1_QS2_004_BC71,12,TCTCATTTTCGCCAAAAGTTGGCCATGTCAGTGGTCACTTACGTACTCTTTCGGTGCCCTGTAATCTATCTGTCAGTCAAGATACCCAACTCACTCGTTGTCTCCAGGGAGGTCCACTCCCCTCGTCACTATACCAAACAAGCGTGTGCGATAAGCCAGTCAGTCAGGAGCTTCGGGCCTAACTAACTACTAGTCCCTGGGAGCATCAGGTAGTAACAGTGACAATCCGCCGGTCTTCGTGTTCAGCACAGTCTAGCTTTCGACGTAACGTAAAGCGGTTCCTAGGAGGGTCAGCCGTTAAG
006,TRUE,QS2_004,BC06,159,160,0.99375,T1_QS2_004_BC06,13,TCTCATTTTCGCCAAAAGTTGGCCATGTCAGTGGTCACTTACGTACTCTTTCGGTGCCCTGTAATCTATCTGTCAGTCAAGATACCCAACTCACTCGTTGTCTCCAGGGAGGTCCACTCCCCTCGTCACTATACCAAACAAGCGTGTGCGATAAGCCAGTCAGTCAGGAGCTTCGGGCCTAACTAACTACTAGTCTTCTCGCAAAGGCAGAAAGTAGTCTGACAATCCGCCGGTCTTCGTGTTCAGCACAGTCTAGCTTTCGACGTAACGTAAAGCGGTTCCTAGGAGGGTCAGCCGTTAAG
053,TRUE,QS2_004,BC26,278,280,0.9928571428571429,T1_QS2_004_BC26,14,TCTCATTTTCGCCAAAAGTTGGCCATGTCAGTGGTCACTTACGTACTCTTTCGGTGCCCTGTAATCTATCTGTCAGTCAAGATACCCAACTCACTCGTTGTCTCCAGGGAGGTCCACTCCCCTCGTCACTATACCAAACAAGCGTGTGCGATAAGCCAGTCAGTCAGGAGCTTCGGGCCTAACTAACTACTAGTCCATACAGCGACTACGCATTCTCATTGACAATCCGCCGGTCTTCGTGTTCAGCACAGTCTAGCTTTCGACGTAACGTAAAGCGGTTCCTAGGAGGGTCAGCCGTTAAG
017,TRUE,QS2_004,BC36,196,198,0.98989898989899,T1_QS2_004_BC36,15,TCTCATTTTCGCCAAAAGTTGGCCATGTCAGTGGTCACTTACGTACTCTTTCGGTGCCCTGTAATCTATCTGTCAGTCAAGATACCCAACTCACTCGTTGTCTCCAGGGAGGTCCACTCCCCTCGTCACTATACCAAACAAGCGTGTGCGATAAGCCAGTCAGTCAGGAGCTTCGGGCCTAACTAACTACTAGTCATGTCCCAGTTAGAGGAGGAAACATGACAATCCGCCGGTCTTCGTGTTCAGCACAGTCTAGCTTTCGACGTAACGTAAAGCGGTTCCTAGGAGGGTCAGCCGTTAAG
051,TRUE,QS2_004,BC01,262,266,0.9849624060150376,T1_QS2_004_BC01,16,TCTCATTTTCGCCAAAAGTTGGCCATGTCAGTGGTCACTTACGTACTCTTTCGGTGCCCTGTAATCTATCTGTCAGTCAAGATACCCAACTCACTCGTTGTCTCCAGGGAGGTCCACTCCCCTCGTCACTATACCAAACAAGCGTGTGCGATAAGCCAGTCAGTCAGGAGCTTCGGGCCTAACTAACTACTAGTCAAGAAAGTTGTCGGTGTCTTTGTGTGACAATCCGCCGGTCTTCGTGTTCAGCACAGTCTAGCTTTCGACGTAACGTAAAGCGGTTCCTAGGAGGGTCAGCCGTTAAG
068,FALSE,QS2_004,BC01,154,157,0.9808917197452229,T1_QS2_004_BC01,17,TCTCATTTTCGCCAAAAGTTGGCCATGTCAGTGGTCACTTACGTACTCTTTCGGTGCCCTGTAATCTATCTGTCAGTCAAGATACCCAACTCACTCGTTGTCTCCAGGGAGGTCCACTCCCCTCGTCACTATACCAAACAAGCGTGTGCGATAAGCCAGTCAGTCAGGAGCTTCGGGCCTAACTAACTACTAGTCAAGAAAGTTGTCGGTGTCTTTGTGTGACAATCCGCCGGTCTTCGTGTTCAGCACAGTCTAGCTTTCGACGTAACGTAAAGCGGTTCCTAGGAGGGTCAGCCGTTAAG
003,TRUE,QS2_004,BC61,205,209,0.9808612440191388,T1_QS2_004_BC61,18,TCTCATTTTCGCCAAAAGTTGGCCATGTCAGTGGTCACTTACGTACTCTTTCGGTGCCCTGTAATCTATCTGTCAGTCAAGATACCCAACTCACTCGTTGTCTCCAGGGAGGTCCACTCCCCTCGTCACTATACCAAACAAGCGTGTGCGATAAGCCAGTCAGTCAGGAGCTTCGGGCCTAACTAACTACTAGTCAGAGGGTACTATGTGCCTCAGCACTGACAATCCGCCGGTCTTCGTGTTCAGCACAGTCTAGCTTTCGACGTAACGTAAAGCGGTTCCTAGGAGGGTCAGCCGTTAAG
073,FALSE,QS2_007,BC12,146,146,1,T1_QS2_007_BC12,1.5,TCTCATTTTCGCCAAAAGTTGGCCATGTCACGAGAGCCAAGGATAGTAGTCGTGCCCTGTAATCTATCTGTCAGTCACTCCCTCTAGGCTTTGTCACTTCACTCCAGAGGTCCACTCCCCTCGTCACTATACCAATTGACTCCGTTGTCCCTGAGATGTCAGTCAGGAGCTTCGGGCCTAACTAACTACTAGTCCAGGTAGAAAGAAGCAGAATCGGATGACAATCCGCCGGTCTTCGTGTTCAGCACAGTCTAGCTTTCGACGTAACGTAAAGCGGTTCCTAGGAGGGTCAGCCGTTAAG
022,TRUE,QS2_007,BC47,149,149,1,T1_QS2_007_BC47,1.5,TCTCATTTTCGCCAAAAGTTGGCCATGTCACGAGAGCCAAGGATAGTAGTCGTGCCCTGTAATCTATCTGTCAGTCACTCCCTCTAGGCTTTGTCACTTCACTCCAGAGGTCCACTCCCCTCGTCACTATACCAATTGACTCCGTTGTCCCTGAGATGTCAGTCAGGAGCTTCGGGCCTAACTAACTACTAGTCGTGCAACTTTCCCACAGGTAGTTCTGACAATCCGCCGGTCTTCGTGTTCAGCACAGTCTAGCTTTCGACGTAACGTAAAGCGGTTCCTAGGAGGGTCAGCCGTTAAG
049,TRUE,QS2_007,BC22,238,239,0.99581589958159,T1_QS2_007_BC22,3,TCTCATTTTCGCCAAAAGTTGGCCATGTCACGAGAGCCAAGGATAGTAGTCGTGCCCTGTAATCTATCTGTCAGTCACTCCCTCTAGGCTTTGTCACTTCACTCCAGAGGTCCACTCCCCTCGTCACTATACCAATTGACTCCGTTGTCCCTGAGATGTCAGTCAGGAGCTTCGGGCCTAACTAACTACTAGTCACCACTGCCATGTATCAAAGTACGTGACAATCCGCCGGTCTTCGTGTTCAGCACAGTCTAGCTTTCGACGTAACGTAAAGCGGTTCCTAGGAGGGTCAGCCGTTAAG
014,TRUE,QS2_007,BC67,191,192,0.9947916666666666,T1_QS2_007_BC67,4,TCTCATTTTCGCCAAAAGTTGGCCATGTCACGAGAGCCAAGGATAGTAGTCGTGCCCTGTAATCTATCTGTCAGTCACTCCCTCTAGGCTTTGTCACTTCACTCCAGAGGTCCACTCCCCTCGTCACTATACCAATTGACTCCGTTGTCCCTGAGATGTCAGTCAGGAGCTTCGGGCCTAACTAACTACTAGTCGTTTGTCATACTCGTGTGCTCACCTGACAATCCGCCGGTCTTCGTGTTCAGCACAGTCTAGCTTTCGACGTAACGTAAAGCGGTTCCTAGGAGGGTCAGCCGTTAAG
045,TRUE,QS2_007,BC27,158,159,0.9937106918238994,T1_QS2_007_BC27,5,TCTCATTTTCGCCAAAAGTTGGCCATGTCACGAGAGCCAAGGATAGTAGTCGTGCCCTGTAATCTATCTGTCAGTCACTCCCTCTAGGCTTTGTCACTTCACTCCAGAGGTCCACTCCCCTCGTCACTATACCAATTGACTCCGTTGTCCCTGAGATGTCAGTCAGGAGCTTCGGGCCTAACTAACTACTAGTCCGACGGTTAGATTCACCTCTTACATGACAATCCGCCGGTCTTCGTGTTCAGCACAGTCTAGCTTTCGACGTAACGTAAAGCGGTTCCTAGGAGGGTCAGCCGTTAAG
077,FALSE,QS2_007,BC27,134,135,0.9925925925925926,T1_QS2_007_BC27,6,TCTCATTTTCGCCAAAAGTTGGCCATGTCACGAGAGCCAAGGATAGTAGTCGTGCCCTGTAATCTATCTGTCAGTCACTCCCTCTAGGCTTTGTCACTTCACTCCAGAGGTCCACTCCCCTCGTCACTATACCAATTGACTCCGTTGTCCCTGAGATGTCAGTCAGGAGCTTCGGGCCTAACTAACTACTAGTCCGACGGTTAGATTCACCTCTTACATGACAATCCGCCGGTCTTCGTGTTCAGCACAGTCTAGCTTTCGACGTAACGTAAAGCGGTTCCTAGGAGGGTCAGCCGTTAAG
084,FALSE,QS2_007,BC52,129,130,0.9923076923076923,T1_QS2_007_BC52,7,TCTCATTTTCGCCAAAAGTTGGCCATGTCACGAGAGCCAAGGATAGTAGTCGTGCCCTGTAATCTATCTGTCAGTCACTCCCTCTAGGCTTTGTCACTTCACTCCAGAGGTCCACTCCCCTCGTCACTATACCAATTGACTCCGTTGTCCCTGAGATGTCAGTCAGGAGCTTCGGGCCTAACTAACTACTAGTCTGAGAGACAAGATTGTTCGTGGACTGACAATCCGCCGGTCTTCGTGTTCAGCACAGTCTAGCTTTCGACGTAACGTAAAGCGGTTCCTAGGAGGGTCAGCCGTTAAG
070,FALSE,QS2_007,BC02,118,119,0.9915966386554622,T1_QS2_007_BC02,8,TCTCATTTTCGCCAAAAGTTGGCCATGTCACGAGAGCCAAGGATAGTAGTCGTGCCCTGTAATCTATCTGTCAGTCACTCCCTCTAGGCTTTGTCACTTCACTCCAGAGGTCCACTCCCCTCGTCACTATACCAATTGACTCCGTTGTCCCTGAGATGTCAGTCAGGAGCTTCGGGCCTAACTAACTACTAGTCTCGATTCCGTTTGTAGTCGTCTGTTGACAATCCGCCGGTCTTCGTGTTCAGCACAGTCTAGCTTTCGACGTAACGTAAAGCGGTTCCTAGGAGGGTCAGCCGTTAAG
065,TRUE,QS2_007,BC17,224,226,0.9911504424778761,T1_QS2_007_BC17,9,TCTCATTTTCGCCAAAAGTTGGCCATGTCACGAGAGCCAAGGATAGTAGTCGTGCCCTGTAATCTATCTGTCAGTCACTCCCTCTAGGCTTTGTCACTTCACTCCAGAGGTCCACTCCCCTCGTCACTATACCAATTGACTCCGTTGTCCCTGAGATGTCAGTCAGGAGCTTCGGGCCTAACTAACTACTAGTCACCCTCCAGGAAAGTACCTCTGATTGACAATCCGCCGGTCTTCGTGTTCAGCACAGTCTAGCTTTCGACGTAACGTAAAGCGGTTCCTAGGAGGGTCAGCCGTTAAG
037,TRUE,QS2_007,BC12,106,107,0.9906542056074766,T1_QS2_007_BC12,10,TCTCATTTTCGCCAAAAGTTGGCCATGTCACGAGAGCCAAGGATAGTAGTCGTGCCCTGTAATCTATCTGTCAGTCACTCCCTCTAGGCTTTGTCACTTCACTCCAGAGGTCCACTCCCCTCGTCACTATACCAATTGACTCCGTTGTCCCTGAGATGTCAGTCAGGAGCTTCGGGCCTAACTAACTACTAGTCCAGGTAGAAAGAAGCAGAATCGGATGACAATCCGCCGGTCTTCGTGTTCAGCACAGTCTAGCTTTCGACGTAACGTAAAGCGGTTCCTAGGAGGGTCAGCCGTTAAG
023,TRUE,QS2_007,BC02,201,203,0.9901477832512315,T1_QS2_007_BC02,11,TCTCATTTTCGCCAAAAGTTGGCCATGTCACGAGAGCCAAGGATAGTAGTCGTGCCCTGTAATCTATCTGTCAGTCACTCCCTCTAGGCTTTGTCACTTCACTCCAGAGGTCCACTCCCCTCGTCACTATACCAATTGACTCCGTTGTCCCTGAGATGTCAGTCAGGAGCTTCGGGCCTAACTAACTACTAGTCTCGATTCCGTTTGTAGTCGTCTGTTGACAATCCGCCGGTCTTCGTGTTCAGCACAGTCTAGCTTTCGACGTAACGTAAAGCGGTTCCTAGGAGGGTCAGCCGTTAAG
080,FALSE,QS2_007,BC22,149,151,0.9867549668874173,T1_QS2_007_BC22,12,TCTCATTTTCGCCAAAAGTTGGCCATGTCACGAGAGCCAAGGATAGTAGTCGTGCCCTGTAATCTATCTGTCAGTCACTCCCTCTAGGCTTTGTCACTTCACTCCAGAGGTCCACTCCCCTCGTCACTATACCAATTGACTCCGTTGTCCCTGAGATGTCAGTCAGGAGCTTCGGGCCTAACTAACTACTAGTCACCACTGCCATGTATCAAAGTACGTGACAATCCGCCGGTCTTCGTGTTCAGCACAGTCTAGCTTTCGACGTAACGTAAAGCGGTTCCTAGGAGGGTCAGCCGTTAAG
078,FALSE,QS2_007,BC52,124,126,0.9841269841269841,T1_QS2_007_BC52,13,TCTCATTTTCGCCAAAAGTTGGCCATGTCACGAGAGCCAAGGATAGTAGTCGTGCCCTGTAATCTATCTGTCAGTCACTCCCTCTAGGCTTTGTCACTTCACTCCAGAGGTCCACTCCCCTCGTCACTATACCAATTGACTCCGTTGTCCCTGAGATGTCAGTCAGGAGCTTCGGGCCTAACTAACTACTAGTCTGAGAGACAAGATTGTTCGTGGACTGACAATCCGCCGGTCTTCGTGTTCAGCACAGTCTAGCTTTCGACGTAACGTAAAGCGGTTCCTAGGAGGGTCAGCCGTTAAG
088,FALSE,QS2_007,BC47,150,153,0.9803921568627451,T1_QS2_007_BC47,14,TCTCATTTTCGCCAAAAGTTGGCCATGTCACGAGAGCCAAGGATAGTAGTCGTGCCCTGTAATCTATCTGTCAGTCACTCCCTCTAGGCTTTGTCACTTCACTCCAGAGGTCCACTCCCCTCGTCACTATACCAATTGACTCCGTTGTCCCTGAGATGTCAGTCAGGAGCTTCGGGCCTAACTAACTACTAGTCGTGCAACTTTCCCACAGGTAGTTCTGACAATCCGCCGGTCTTCGTGTTCAGCACAGTCTAGCTTTCGACGTAACGTAAAGCGGTTCCTAGGAGGGTCAGCCGTTAAG
057,TRUE,QS2_007,BC27,192,196,0.9795918367346939,T1_QS2_007_BC27,15,TCTCATTTTCGCCAAAAGTTGGCCATGTCACGAGAGCCAAGGATAGTAGTCGTGCCCTGTAATCTATCTGTCAGTCACTCCCTCTAGGCTTTGTCACTTCACTCCAGAGGTCCACTCCCCTCGTCACTATACCAATTGACTCCGTTGTCCCTGAGATGTCAGTCAGGAGCTTCGGGCCTAACTAACTACTAGTCCGACGGTTAGATTCACCTCTTACATGACAATCCGCCGGTCTTCGTGTTCAGCACAGTCTAGCTTTCGACGTAACGTAAAGCGGTTCCTAGGAGGGTCAGCCGTTAAG
062,TRUE,QS2_007,BC07,208,213,0.9765258215962441,T1_QS2_007_BC07,16,TCTCATTTTCGCCAAAAGTTGGCCATGTCACGAGAGCCAAGGATAGTAGTCGTGCCCTGTAATCTATCTGTCAGTCACTCCCTCTAGGCTTTGTCACTTCACTCCAGAGGTCCACTCCCCTCGTCACTATACCAATTGACTCCGTTGTCCCTGAGATGTCAGTCAGGAGCTTCGGGCCTAACTAACTACTAGTCGTGTTACCGTGGGAATGAATCCTTTGACAATCCGCCGGTCTTCGTGTTCAGCACAGTCTAGCTTTCGACGTAACGTAAAGCGGTTCCTAGGAGGGTCAGCCGTTAAG
089,FALSE,QS2_007,BC52,192,199,0.964824120603015,T1_QS2_007_BC52,17,TCTCATTTTCGCCAAAAGTTGGCCATGTCACGAGAGCCAAGGATAGTAGTCGTGCCCTGTAATCTATCTGTCAGTCACTCCCTCTAGGCTTTGTCACTTCACTCCAGAGGTCCACTCCCCTCGTCACTATACCAATTGACTCCGTTGTCCCTGAGATGTCAGTCAGGAGCTTCGGGCCTAACTAACTACTAGTCTGAGAGACAAGATTGTTCGTGGACTGACAATCCGCCGGTCTTCGTGTTCAGCACAGTCTAGCTTTCGACGTAACGTAAAGCGGTTCCTAGGAGGGTCAGCCGTTAAG
048,TRUE,QS2_010,BC38,223,223,1,T1_QS2_010_BC38,3,TCTCATTTTCGCCAAAAGTTGGCCATGTCAGCAGTGCTTTGACCGTGAGTAGTGCCCTGTAATCTATCTGTCAGTCAAAACCCGAGAGTCCCCTAGTAGGTTCGAACAGGTCCACTCCCCTCGTCACTATACCAACTTGTTTCGTGCAGAGAGACCGTCAGTCAGGAGCTTCGGGCCTAACTAACTACTAGTCACCACAGGAGGACGATACAGAGAATGACAATCCGCCGGTCTTCGTGTTCAGCACAGTCTAGCTTTCGACGTAACGTAAAGCGGTTCCTAGGAGGGTCAGCCGTTAAG
042,TRUE,QS2_010,BC53,270,270,1,T1_QS2_010_BC53,3,TCTCATTTTCGCCAAAAGTTGGCCATGTCAGCAGTGCTTTGACCGTGAGTAGTGCCCTGTAATCTATCTGTCAGTCAAAACCCGAGAGTCCCCTAGTAGGTTCGAACAGGTCCACTCCCCTCGTCACTATACCAACTTGTTTCGTGCAGAGAGACCGTCAGTCAGGAGCTTCGGGCCTAACTAACTACTAGTCAGATTCAGACCGTCTCATGCAAAGTGACAATCCGCCGGTCTTCGTGTTCAGCACAGTCTAGCTTTCGACGTAACGTAAAGCGGTTCCTAGGAGGGTCAGCCGTTAAG
074,FALSE,QS2_010,BC53,150,150,1,T1_QS2_010_BC53,3,TCTCATTTTCGCCAAAAGTTGGCCATGTCAGCAGTGCTTTGACCGTGAGTAGTGCCCTGTAATCTATCTGTCAGTCAAAACCCGAGAGTCCCCTAGTAGGTTCGAACAGGTCCACTCCCCTCGTCACTATACCAACTTGTTTCGTGCAGAGAGACCGTCAGTCAGGAGCTTCGGGCCTAACTAACTACTAGTCAGATTCAGACCGTCTCATGCAAAGTGACAATCCGCCGGTCTTCGTGTTCAGCACAGTCTAGCTTTCGACGTAACGTAAAGCGGTTCCTAGGAGGGTCAGCCGTTAAG
058,TRUE,QS2_010,BC78,196,196,1,T1_QS2_010_BC78,3,TCTCATTTTCGCCAAAAGTTGGCCATGTCAGCAGTGCTTTGACCGTGAGTAGTGCCCTGTAATCTATCTGTCAGTCAAAACCCGAGAGTCCCCTAGTAGGTTCGAACAGGTCCACTCCCCTCGTCACTATACCAACTTGTTTCGTGCAGAGAGACCGTCAGTCAGGAGCTTCGGGCCTAACTAACTACTAGTCAACAACCGAACCTTTGAATCAGAATGACAATCCGCCGGTCTTCGTGTTCAGCACAGTCTAGCTTTCGACGTAACGTAAAGCGGTTCCTAGGAGGGTCAGCCGTTAAG
082,FALSE,QS2_010,BC88,156,156,1,T1_QS2_010_BC88,3,TCTCATTTTCGCCAAAAGTTGGCCATGTCAGCAGTGCTTTGACCGTGAGTAGTGCCCTGTAATCTATCTGTCAGTCAAAACCCGAGAGTCCCCTAGTAGGTTCGAACAGGTCCACTCCCCTCGTCACTATACCAACTTGTTTCGTGCAGAGAGACCGTCAGTCAGGAGCTTCGGGCCTAACTAACTACTAGTCTCTTCTACTACCGATCCGAAGCAGTGACAATCCGCCGGTCTTCGTGTTCAGCACAGTCTAGCTTTCGACGTAACGTAAAGCGGTTCCTAGGAGGGTCAGCCGTTAAG
046,TRUE,QS2_010,BC43,263,264,0.9962121212121212,T1_QS2_010_BC43,6,TCTCATTTTCGCCAAAAGTTGGCCATGTCAGCAGTGCTTTGACCGTGAGTAGTGCCCTGTAATCTATCTGTCAGTCAAAACCCGAGAGTCCCCTAGTAGGTTCGAACAGGTCCACTCCCCTCGTCACTATACCAACTTGTTTCGTGCAGAGAGACCGTCAGTCAGGAGCTTCGGGCCTAACTAACTACTAGTCCTTTCGTTGTTGACTCGACGGTAGTGACAATCCGCCGGTCTTCGTGTTCAGCACAGTCTAGCTTTCGACGTAACGTAAAGCGGTTCCTAGGAGGGTCAGCCGTTAAG
038,TRUE,QS2_010,BC28,247,248,0.9959677419354839,T1_QS2_010_BC28,7,TCTCATTTTCGCCAAAAGTTGGCCATGTCAGCAGTGCTTTGACCGTGAGTAGTGCCCTGTAATCTATCTGTCAGTCAAAACCCGAGAGTCCCCTAGTAGGTTCGAACAGGTCCACTCCCCTCGTCACTATACCAACTTGTTTCGTGCAGAGAGACCGTCAGTCAGGAGCTTCGGGCCTAACTAACTACTAGTCTGAAACCTAAGAAGGCACCGTATCTGACAATCCGCCGGTCTTCGTGTTCAGCACAGTCTAGCTTTCGACGTAACGTAAAGCGGTTCCTAGGAGGGTCAGCCGTTAAG
050,TRUE,QS2_010,BC18,239,240,0.9958333333333333,T1_QS2_010_BC18,8,TCTCATTTTCGCCAAAAGTTGGCCATGTCAGCAGTGCTTTGACCGTGAGTAGTGCCCTGTAATCTATCTGTCAGTCAAAACCCGAGAGTCCCCTAGTAGGTTCGAACAGGTCCACTCCCCTCGTCACTATACCAACTTGTTTCGTGCAGAGAGACCGTCAGTCAGGAGCTTCGGGCCTAACTAACTACTAGTCCCAAACCCAACAACCTAGATAGGCTGACAATCCGCCGGTCTTCGTGTTCAGCACAGTCTAGCTTTCGACGTAACGTAAAGCGGTTCCTAGGAGGGTCAGCCGTTAAG
034,TRUE,QS2_010,BC08,215,216,0.9953703703703703,T1_QS2_010_BC08,9,TCTCATTTTCGCCAAAAGTTGGCCATGTCAGCAGTGCTTTGACCGTGAGTAGTGCCCTGTAATCTATCTGTCAGTCAAAACCCGAGAGTCCCCTAGTAGGTTCGAACAGGTCCACTCCCCTCGTCACTATACCAACTTGTTTCGTGCAGAGAGACCGTCAGTCAGGAGCTTCGGGCCTAACTAACTACTAGTCTTCAGGGAACAAACCAAGTTACGTTGACAATCCGCCGGTCTTCGTGTTCAGCACAGTCTAGCTTTCGACGTAACGTAAAGCGGTTCCTAGGAGGGTCAGCCGTTAAG
019,TRUE,QS2_010,BC68,187,188,0.9946808510638298,T1_QS2_010_BC68,10,TCTCATTTTCGCCAAAAGTTGGCCATGTCAGCAGTGCTTTGACCGTGAGTAGTGCCCTGTAATCTATCTGTCAGTCAAAACCCGAGAGTCCCCTAGTAGGTTCGAACAGGTCCACTCCCCTCGTCACTATACCAACTTGTTTCGTGCAGAGAGACCGTCAGTCAGGAGCTTCGGGCCTAACTAACTACTAGTCGAATCTAAGCAAACACGAAGGTGGTGACAATCCGCCGGTCTTCGTGTTCAGCACAGTCTAGCTTTCGACGTAACGTAAAGCGGTTCCTAGGAGGGTCAGCCGTTAAG
086,FALSE,QS2_010,BC23,138,139,0.9928057553956835,T1_QS2_010_BC23,11,TCTCATTTTCGCCAAAAGTTGGCCATGTCAGCAGTGCTTTGACCGTGAGTAGTGCCCTGTAATCTATCTGTCAGTCAAAACCCGAGAGTCCCCTAGTAGGTTCGAACAGGTCCACTCCCCTCGTCACTATACCAACTTGTTTCGTGCAGAGAGACCGTCAGTCAGGAGCTTCGGGCCTAACTAACTACTAGTCCTTACTACCCAGTGAACCTCCTCGTGACAATCCGCCGGTCTTCGTGTTCAGCACAGTCTAGCTTTCGACGTAACGTAAAGCGGTTCCTAGGAGGGTCAGCCGTTAAG
000,TRUE,QS2_010,BC33,258,260,0.9923076923076923,T1_QS2_010_BC33,12,TCTCATTTTCGCCAAAAGTTGGCCATGTCAGCAGTGCTTTGACCGTGAGTAGTGCCCTGTAATCTATCTGTCAGTCAAAACCCGAGAGTCCCCTAGTAGGTTCGAACAGGTCCACTCCCCTCGTCACTATACCAACTTGTTTCGTGCAGAGAGACCGTCAGTCAGGAGCTTCGGGCCTAACTAACTACTAGTCCAGACTTGGTACGGTTGGGTAACTTGACAATCCGCCGGTCTTCGTGTTCAGCACAGTCTAGCTTTCGACGTAACGTAAAGCGGTTCCTAGGAGGGTCAGCCGTTAAG
076,FALSE,QS2_010,BC73,105,106,0.9905660377358491,T1_QS2_010_BC73,13,TCTCATTTTCGCCAAAAGTTGGCCATGTCAGCAGTGCTTTGACCGTGAGTAGTGCCCTGTAATCTATCTGTCAGTCAAAACCCGAGAGTCCCCTAGTAGGTTCGAACAGGTCCACTCCCCTCGTCACTATACCAACTTGTTTCGTGCAGAGAGACCGTCAGTCAGGAGCTTCGGGCCTAACTAACTACTAGTCAAGAAACAGGATGACAGAACCCTCTGACAATCCGCCGGTCTTCGTGTTCAGCACAGTCTAGCTTTCGACGTAACGTAAAGCGGTTCCTAGGAGGGTCAGCCGTTAAG
056,TRUE,QS2_010,BC43,193,195,0.9897435897435898,T1_QS2_010_BC43,14,TCTCATTTTCGCCAAAAGTTGGCCATGTCAGCAGTGCTTTGACCGTGAGTAGTGCCCTGTAATCTATCTGTCAGTCAAAACCCGAGAGTCCCCTAGTAGGTTCGAACAGGTCCACTCCCCTCGTCACTATACCAACTTGTTTCGTGCAGAGAGACCGTCAGTCAGGAGCTTCGGGCCTAACTAACTACTAGTCCTTTCGTTGTTGACTCGACGGTAGTGACAATCCGCCGGTCTTCGTGTTCAGCACAGTCTAGCTTTCGACGTAACGTAAAGCGGTTCCTAGGAGGGTCAGCCGTTAAG
002,TRUE,QS2_010,BC48,223,226,0.9867256637168141,T1_QS2_010_BC48,15,TCTCATTTTCGCCAAAAGTTGGCCATGTCAGCAGTGCTTTGACCGTGAGTAGTGCCCTGTAATCTATCTGTCAGTCAAAACCCGAGAGTCCCCTAGTAGGTTCGAACAGGTCCACTCCCCTCGTCACTATACCAACTTGTTTCGTGCAGAGAGACCGTCAGTCAGGAGCTTCGGGCCTAACTAACTACTAGTCCATCTGGAACGTGGTACACCTGTATGACAATCCGCCGGTCTTCGTGTTCAGCACAGTCTAGCTTTCGACGTAACGTAAAGCGGTTCCTAGGAGGGTCAGCCGTTAAG
004,TRUE,QS2_010,BC88,221,225,0.9822222222222222,T1_QS2_010_BC88,16,TCTCATTTTCGCCAAAAGTTGGCCATGTCAGCAGTGCTTTGACCGTGAGTAGTGCCCTGTAATCTATCTGTCAGTCAAAACCCGAGAGTCCCCTAGTAGGTTCGAACAGGTCCACTCCCCTCGTCACTATACCAACTTGTTTCGTGCAGAGAGACCGTCAGTCAGGAGCTTCGGGCCTAACTAACTACTAGTCTCTTCTACTACCGATCCGAAGCAGTGACAATCCGCCGGTCTTCGTGTTCAGCACAGTCTAGCTTTCGACGTAACGTAAAGCGGTTCCTAGGAGGGTCAGCCGTTAAG
021,TRUE,QS2_010,BC88,222,227,0.9779735682819384,T1_QS2_010_BC88,17,TCTCATTTTCGCCAAAAGTTGGCCATGTCAGCAGTGCTTTGACCGTGAGTAGTGCCCTGTAATCTATCTGTCAGTCAAAACCCGAGAGTCCCCTAGTAGGTTCGAACAGGTCCACTCCCCTCGTCACTATACCAACTTGTTTCGTGCAGAGAGACCGTCAGTCAGGAGCTTCGGGCCTAACTAACTACTAGTCTCTTCTACTACCGATCCGAAGCAGTGACAATCCGCCGGTCTTCGTGTTCAGCACAGTCTAGCTTTCGACGTAACGTAAAGCGGTTCCTAGGAGGGTCAGCCGTTAAG
018,TRUE,QS2_010,BC33,250,256,0.9765625,T1_QS2_010_BC33,18,TCTCATTTTCGCCAAAAGTTGGCCATGTCAGCAGTGCTTTGACCGTGAGTAGTGCCCTGTAATCTATCTGTCAGTCAAAACCCGAGAGTCCCCTAGTAGGTTCGAACAGGTCCACTCCCCTCGTCACTATACCAACTTGTTTCGTGCAGAGAGACCGTCAGTCAGGAGCTTCGGGCCTAACTAACTACTAGTCCAGACTTGGTACGGTTGGGTAACTTGACAATCCGCCGGTCTTCGTGTTCAGCACAGTCTAGCTTTCGACGTAACGTAAAGCGGTTCCTAGGAGGGTCAGCCGTTAAG
010,TRUE,QS2_010,BC18,216,222,0.972972972972973,T1_QS2_010_BC18,19,TCTCATTTTCGCCAAAAGTTGGCCATGTCAGCAGTGCTTTGACCGTGAGTAGTGCCCTGTAATCTATCTGTCAGTCAAAACCCGAGAGTCCCCTAGTAGGTTCGAACAGGTCCACTCCCCTCGTCACTATACCAACTTGTTTCGTGCAGAGAGACCGTCAGTCAGGAGCTTCGGGCCTAACTAACTACTAGTCCCAAACCCAACAACCTAGATAGGCTGACAATCCGCCGGTCTTCGTGTTCAGCACAGTCTAGCTTTCGACGTAACGTAAAGCGGTTCCTAGGAGGGTCAGCCGTTAAG
043,TRUE,QS2_018,BC89,273,273,1,T1_QS2_018_BC89,1,TCTCATTTTCGCCAAAAGTTGGCCATGTCATACTACCACTTGCCCGATATCGGTGCCCTGTAATCTATCTGTCAGTCAACCACAGTTAGGTTCGAGCTCCCACTGTAGAGGTCCACTCCCCTCGTCACTATACCAAGTTGTCAGTGAATCCGCTAGCGTCAGTCAGGAGCTTCGGGCCTAACTAACTACTAGTCACAGCATCAATGTTTGGCTAGTTGTGACAATCCGCCGGTCTTCGTGTTCAGCACAGTCTAGCTTTCGACGTAACGTAAAGCGGTTCCTAGGAGGGTCAGCCGTTAAG
052,TRUE,QS2_018,BC49,219,220,0.9954545454545455,T1_QS2_018_BC49,2,TCTCATTTTCGCCAAAAGTTGGCCATGTCATACTACCACTTGCCCGATATCGGTGCCCTGTAATCTATCTGTCAGTCAACCACAGTTAGGTTCGAGCTCCCACTGTAGAGGTCCACTCCCCTCGTCACTATACCAAGTTGTCAGTGAATCCGCTAGCGTCAGTCAGGAGCTTCGGGCCTAACTAACTACTAGTCACTGGTGCAGCTTTGAACATCTAGTGACAATCCGCCGGTCTTCGTGTTCAGCACAGTCTAGCTTTCGACGTAACGTAAAGCGGTTCCTAGGAGGGTCAGCCGTTAAG
033,TRUE,QS2_018,BC89,208,209,0.9952153110047847,T1_QS2_018_BC89,3,TCTCATTTTCGCCAAAAGTTGGCCATGTCATACTACCACTTGCCCGATATCGGTGCCCTGTAATCTATCTGTCAGTCAACCACAGTTAGGTTCGAGCTCCCACTGTAGAGGTCCACTCCCCTCGTCACTATACCAAGTTGTCAGTGAATCCGCTAGCGTCAGTCAGGAGCTTCGGGCCTAACTAACTACTAGTCACAGCATCAATGTTTGGCTAGTTGTGACAATCCGCCGGTCTTCGTGTTCAGCACAGTCTAGCTTTCGACGTAACGTAAAGCGGTTCCTAGGAGGGTCAGCCGTTAAG
005,TRUE,QS2_018,BC04,171,172,0.9941860465116279,T1_QS2_018_BC04,4,TCTCATTTTCGCCAAAAGTTGGCCATGTCATACTACCACTTGCCCGATATCGGTGCCCTGTAATCTATCTGTCAGTCAACCACAGTTAGGTTCGAGCTCCCACTGTAGAGGTCCACTCCCCTCGTCACTATACCAAGTTGTCAGTGAATCCGCTAGCGTCAGTCAGGAGCTTCGGGCCTAACTAACTACTAGTCTTCGGATTCTATCGTGTTTCCCTATGACAATCCGCCGGTCTTCGTGTTCAGCACAGTCTAGCTTTCGACGTAACGTAAAGCGGTTCCTAGGAGGGTCAGCCGTTAAG
007,TRUE,QS2_018,BC49,206,209,0.9856459330143541,T1_QS2_018_BC49,5,TCTCATTTTCGCCAAAAGTTGGCCATGTCATACTACCACTTGCCCGATATCGGTGCCCTGTAATCTATCTGTCAGTCAACCACAGTTAGGTTCGAGCTCCCACTGTAGAGGTCCACTCCCCTCGTCACTATACCAAGTTGTCAGTGAATCCGCTAGCGTCAGTCAGGAGCTTCGGGCCTAACTAACTACTAGTCACTGGTGCAGCTTTGAACATCTAGTGACAATCCGCCGGTCTTCGTGTTCAGCACAGTCTAGCTTTCGACGTAACGTAAAGCGGTTCCTAGGAGGGTCAGCCGTTAAG
025,TRUE,QS2_018,BC29,216,221,0.9773755656108597,T1_QS2_018_BC29,6,TCTCATTTTCGCCAAAAGTTGGCCATGTCATACTACCACTTGCCCGATATCGGTGCCCTGTAATCTATCTGTCAGTCAACCACAGTTAGGTTCGAGCTCCCACTGTAGAGGTCCACTCCCCTCGTCACTATACCAAGTTGTCAGTGAATCCGCTAGCGTCAGTCAGGAGCTTCGGGCCTAACTAACTACTAGTCCTAGACACCTTGGGTTGACAGACCTGACAATCCGCCGGTCTTCGTGTTCAGCACAGTCTAGCTTTCGACGTAACGTAAAGCGGTTCCTAGGAGGGTCAGCCGTTAAG
031,TRUE,QS2_018,BC34,185,193,0.9585492227979274,T1_QS2_018_BC34,7,TCTCATTTTCGCCAAAAGTTGGCCATGTCATACTACCACTTGCCCGATATCGGTGCCCTGTAATCTATCTGTCAGTCAACCACAGTTAGGTTCGAGCTCCCACTGTAGAGGTCCACTCCCCTCGTCACTATACCAAGTTGTCAGTGAATCCGCTAGCGTCAGTCAGGAGCTTCGGGCCTAACTAACTACTAGTCGGACGAAGAACTCAAGTCAAAGGCTGACAATCCGCCGGTCTTCGTGTTCAGCACAGTCTAGCTTTCGACGTAACGTAAAGCGGTTCCTAGGAGGGTCAGCCGTTAAG
085,FALSE,QS2_019,BC10,158,158,1,T1_QS2_019_BC10,3,TCTCATTTTCGCCAAAAGTTGGCCATGTCATCTCTGATACACCGTCACTTCCAGTGCCCTGTAATCTATCTGTCAGTCACTCAGCACACAACCCCGGATATCAGTCACAAGGTCCACTCCCCTCGTCACTATACCAAAAAGCGAACCAGGGATTACTGTGGTCAGTCAGGAGCTTCGGGCCTAACTAACTACTAGTCAAGCGTTGAAACCTTTGTCCTCTCTGACAATCCGCCGGTCTTCGTGTTCAGCACAGTCTAGCTTTCGACGTAACGTAAAGCGGTTCCTAGGAGGGTCAGCCGTTAAG
064,TRUE,QS2_019,BC35,175,175,1,T1_QS2_019_BC35,3,TCTCATTTTCGCCAAAAGTTGGCCATGTCATCTCTGATACACCGTCACTTCCAGTGCCCTGTAATCTATCTGTCAGTCACTCAGCACACAACCCCGGATATCAGTCACAAGGTCCACTCCCCTCGTCACTATACCAAAAAGCGAACCAGGGATTACTGTGGTCAGTCAGGAGCTTCGGGCCTAACTAACTACTAGTCCTACTTACGAAGCTGAGGGACTGCTGACAATCCGCCGGTCTTCGTGTTCAGCACAGTCTAGCTTTCGACGTAACGTAAAGCGGTTCCTAGGAGGGTCAGCCGTTAAG
072,FALSE,QS2_019,BC35,161,161,1,T1_QS2_019_BC35,3,TCTCATTTTCGCCAAAAGTTGGCCATGTCATCTCTGATACACCGTCACTTCCAGTGCCCTGTAATCTATCTGTCAGTCACTCAGCACACAACCCCGGATATCAGTCACAAGGTCCACTCCCCTCGTCACTATACCAAAAAGCGAACCAGGGATTACTGTGGTCAGTCAGGAGCTTCGGGCCTAACTAACTACTAGTCCTACTTACGAAGCTGAGGGACTGCTGACAATCCGCCGGTCTTCGTGTTCAGCACAGTCTAGCTTTCGACGTAACGTAAAGCGGTTCCTAGGAGGGTCAGCCGTTAAG
013,TRUE,QS2_019,BC60,239,239,1,T1_QS2_019_BC60,3,TCTCATTTTCGCCAAAAGTTGGCCATGTCATCTCTGATACACCGTCACTTCCAGTGCCCTGTAATCTATCTGTCAGTCACTCAGCACACAACCCCGGATATCAGTCACAAGGTCCACTCCCCTCGTCACTATACCAAAAAGCGAACCAGGGATTACTGTGGTCAGTCAGGAGCTTCGGGCCTAACTAACTACTAGTCCATGTTCAACCAAGGCTTCTATGGTGACAATCCGCCGGTCTTCGTGTTCAGCACAGTCTAGCTTTCGACGTAACGTAAAGCGGTTCCTAGGAGGGTCAGCCGTTAAG
069,FALSE,QS2_019,BC70,151,151,1,T1_QS2_019_BC70,3,TCTCATTTTCGCCAAAAGTTGGCCATGTCATCTCTGATACACCGTCACTTCCAGTGCCCTGTAATCTATCTGTCAGTCACTCAGCACACAACCCCGGATATCAGTCACAAGGTCCACTCCCCTCGTCACTATACCAAAAAGCGAACCAGGGATTACTGTGGTCAGTCAGGAGCTTCGGGCCTAACTAACTACTAGTCACCGAGATCCTACGAATGGAGTGTTGACAATCCGCCGGTCTTCGTGTTCAGCACAGTCTAGCTTTCGACGTAACGTAAAGCGGTTCCTAGGAGGGTCAGCCGTTAAG
026,TRUE,QS2_019,BC15,251,252,0.996031746031746,T1_QS2_019_BC15,6,TCTCATTTTCGCCAAAAGTTGGCCATGTCATCTCTGATACACCGTCACTTCCAGTGCCCTGTAATCTATCTGTCAGTCACTCAGCACACAACCCCGGATATCAGTCACAAGGTCCACTCCCCTCGTCACTATACCAAAAAGCGAACCAGGGATTACTGTGGTCAGTCAGGAGCTTCGGGCCTAACTAACTACTAGTCAGGTCTACCTCGCTAACACCACTGTGACAATCCGCCGGTCTTCGTGTTCAGCACAGTCTAGCTTTCGACGTAACGTAAAGCGGTTCCTAGGAGGGTCAGCCGTTAAG
009,TRUE,QS2_019,BC95,240,241,0.995850622406639,T1_QS2_019_BC95,7,TCTCATTTTCGCCAAAAGTTGGCCATGTCATCTCTGATACACCGTCACTTCCAGTGCCCTGTAATCTATCTGTCAGTCACTCAGCACACAACCCCGGATATCAGTCACAAGGTCCACTCCCCTCGTCACTATACCAAAAAGCGAACCAGGGATTACTGTGGTCAGTCAGGAGCTTCGGGCCTAACTAACTACTAGTCCCTGTCTGGAAGAAGAATGGACTTTGACAATCCGCCGGTCTTCGTGTTCAGCACAGTCTAGCTTTCGACGTAACGTAAAGCGGTTCCTAGGAGGGTCAGCCGTTAAG
040,TRUE,QS2_019,BC20,226,227,0.9955947136563876,T1_QS2_019_BC20,8,TCTCATTTTCGCCAAAAGTTGGCCATGTCATCTCTGATACACCGTCACTTCCAGTGCCCTGTAATCTATCTGTCAGTCACTCAGCACACAACCCCGGATATCAGTCACAAGGTCCACTCCCCTCGTCACTATACCAAAAAGCGAACCAGGGATTACTGTGGTCAGTCAGGAGCTTCGGGCCTAACTAACTACTAGTCTTGCGTCCTGTTACGAGAACTCATTGACAATCCGCCGGTCTTCGTGTTCAGCACAGTCTAGCTTTCGACGTAACGTAAAGCGGTTCCTAGGAGGGTCAGCCGTTAAG
059,TRUE,QS2_019,BC25,206,207,0.9951690821256038,T1_QS2_019_BC25,9,TCTCATTTTCGCCAAAAGTTGGCCATGTCATCTCTGATACACCGTCACTTCCAGTGCCCTGTAATCTATCTGTCAGTCACTCAGCACACAACCCCGGATATCAGTCACAAGGTCCACTCCCCTCGTCACTATACCAAAAAGCGAACCAGGGATTACTGTGGTCAGTCAGGAGCTTCGGGCCTAACTAACTACTAGTCGTAAGTTGGGTATGCAACGCAATGTGACAATCCGCCGGTCTTCGTGTTCAGCACAGTCTAGCTTTCGACGTAACGTAAAGCGGTTCCTAGGAGGGTCAGCCGTTAAG
055,TRUE,QS2_019,BC10,185,186,0.9946236559139785,T1_QS2_019_BC10,10,TCTCATTTTCGCCAAAAGTTGGCCATGTCATCTCTGATACACCGTCACTTCCAGTGCCCTGTAATCTATCTGTCAGTCACTCAGCACACAACCCCGGATATCAGTCACAAGGTCCACTCCCCTCGTCACTATACCAAAAAGCGAACCAGGGATTACTGTGGTCAGTCAGGAGCTTCGGGCCTAACTAACTACTAGTCAAGCGTTGAAACCTTTGTCCTCTCTGACAATCCGCCGGTCTTCGTGTTCAGCACAGTCTAGCTTTCGACGTAACGTAAAGCGGTTCCTAGGAGGGTCAGCCGTTAAG
075,FALSE,QS2_019,BC65,148,149,0.9932885906040269,T1_QS2_019_BC65,11,TCTCATTTTCGCCAAAAGTTGGCCATGTCATCTCTGATACACCGTCACTTCCAGTGCCCTGTAATCTATCTGTCAGTCACTCAGCACACAACCCCGGATATCAGTCACAAGGTCCACTCCCCTCGTCACTATACCAAAAAGCGAACCAGGGATTACTGTGGTCAGTCAGGAGCTTCGGGCCTAACTAACTACTAGTCTTCTCAGTCTTCCTCCAGACAAGGTGACAATCCGCCGGTCTTCGTGTTCAGCACAGTCTAGCTTTCGACGTAACGTAAAGCGGTTCCTAGGAGGGTCAGCCGTTAAG
027,TRUE,QS2_019,BC75,198,200,0.99,T1_QS2_019_BC75,12,TCTCATTTTCGCCAAAAGTTGGCCATGTCATCTCTGATACACCGTCACTTCCAGTGCCCTGTAATCTATCTGTCAGTCACTCAGCACACAACCCCGGATATCAGTCACAAGGTCCACTCCCCTCGTCACTATACCAAAAAGCGAACCAGGGATTACTGTGGTCAGTCAGGAGCTTCGGGCCTAACTAACTACTAGTCGACCATTGTGATGAACCCTGTTGTTGACAATCCGCCGGTCTTCGTGTTCAGCACAGTCTAGCTTTCGACGTAACGTAAAGCGGTTCCTAGGAGGGTCAGCCGTTAAG
060,TRUE,QS2_019,BC10,257,260,0.9884615384615385,T1_QS2_019_BC10,13,TCTCATTTTCGCCAAAAGTTGGCCATGTCATCTCTGATACACCGTCACTTCCAGTGCCCTGTAATCTATCTGTCAGTCACTCAGCACACAACCCCGGATATCAGTCACAAGGTCCACTCCCCTCGTCACTATACCAAAAAGCGAACCAGGGATTACTGTGGTCAGTCAGGAGCTTCGGGCCTAACTAACTACTAGTCAAGCGTTGAAACCTTTGTCCTCTCTGACAATCCGCCGGTCTTCGTGTTCAGCACAGTCTAGCTTTCGACGTAACGTAAAGCGGTTCCTAGGAGGGTCAGCCGTTAAG
024,TRUE,QS2_019,BC45,235,238,0.9873949579831933,T1_QS2_019_BC45,14,TCTCATTTTCGCCAAAAGTTGGCCATGTCATCTCTGATACACCGTCACTTCCAGTGCCCTGTAATCTATCTGTCAGTCACTCAGCACACAACCCCGGATATCAGTCACAAGGTCCACTCCCCTCGTCACTATACCAAAAAGCGAACCAGGGATTACTGTGGTCAGTCAGGAGCTTCGGGCCTAACTAACTACTAGTCGATCCAACAGAGATGCCTTCAGTGTGACAATCCGCCGGTCTTCGTGTTCAGCACAGTCTAGCTTTCGACGTAACGTAAAGCGGTTCCTAGGAGGGTCAGCCGTTAAG
081,FALSE,QS2_019,BC40,159,162,0.9814814814814815,T1_QS2_019_BC40,15,TCTCATTTTCGCCAAAAGTTGGCCATGTCATCTCTGATACACCGTCACTTCCAGTGCCCTGTAATCTATCTGTCAGTCACTCAGCACACAACCCCGGATATCAGTCACAAGGTCCACTCCCCTCGTCACTATACCAAAAAGCGAACCAGGGATTACTGTGGTCAGTCAGGAGCTTCGGGCCTAACTAACTACTAGTCTAGTTTGGATGACCAAGGATAGCCTGACAATCCGCCGGTCTTCGTGTTCAGCACAGTCTAGCTTTCGACGTAACGTAAAGCGGTTCCTAGGAGGGTCAGCCGTTAAG
